result,variable0.00544577151756016,variable-0.00292349109743062,variable-0.0027803947541668,variable0.0133985426396393,variable0.00605603980763393,variable-0.0219298086809767,variable0.00544423803296813,variable-0.00407947807936357,variable-0.0165906955177319,variable0.00958659016423037,variable-0.00429010564718343,variable-0.00678542347237658,,,-2,-1.9,-1.8,-1.7,-1.6,-1.5,-1.4,-1.3,-1.2,-1.1,-1,-0.9,-0.8,-0.7,-0.6,-0.5,-0.4,-0.3,-0.2,-0.1,0,0.1,0.2,0.3,0.4,0.5,0.6,0.7,0.8,0.9,1,1.1,1.2,1.3,1.4,1.5,1.6,1.7,1.8,1.9,2
0.002819647,0.005445772,-0.002923491,-0.002780395,0.013398543,0.00605604,-0.021929809,0.005444238,-0.004079478,-0.016590696,0.00958659,-0.004290106,-0.006785423,,,0,0,0,0,0,0,0,0,0,0,0,0,0,0,0,0,0,0,0,0,0,0,0,1,0,0,0,0,0,0,0,0,0,0,0,0,0,0,0,0,0
-0.011991486,0.006230878,-0.001655024,-0.009107319,0.009624249,-0.00519429,-0.021230772,0.004348281,-0.007113712,-0.013738471,-0.012658604,-0.018568521,-0.024737967,,,0,0,0,0,0,0,0,0,1,0,0,0,0,0,0,0,0,0,0,0,0,0,0,0,0,0,0,0,0,0,0,0,0,0,0,0,0,0,0,0,0
0.010503903,0.00702335,-0.001752441,-0.013262254,0.005125423,-0.005261832,-0.014923528,0.046838357,0.026564616,0.014051178,-0.000187569,-0.005245928,-0.009435417,,,0,0,0,0,0,0,0,0,0,0,0,0,0,0,0,0,0,0,0,0,0,0,0,0,0,0,0,0,0,0,0,1,0,0,0,0,0,0,0,0,0
-0.010145544,0.0103634,0.002976529,-0.007231821,-0.004973411,-0.011611446,-0.020253328,0.015566635,-0.001098913,-0.01545519,0.060533306,0.035024276,0.025877703,,,0,0,0,0,0,0,0,0,0,0,1,0,0,0,0,0,0,0,0,0,0,0,0,0,0,0,0,0,0,0,0,0,0,0,0,0,0,0,0,0,0
-0.003176049,0.006406894,0.006063841,0.001375161,-0.001137494,-0.008587186,-0.015188681,0.033249267,0.011488756,-0.003717589,-0.009309757,-0.022712547,-0.029341817,,,0,0,0,0,0,0,0,0,0,0,0,0,0,0,0,0,0,1,0,0,0,0,0,0,0,0,0,0,0,0,0,0,0,0,0,0,0,0,0,0,0
0.006352354,0.005853131,-0.000714907,-0.004538225,0.008441088,0.00261488,-0.005648068,0.015632803,-0.004850356,-0.032188062,0.016860487,0.005182262,-0.007593184,,,0,0,0,0,0,0,0,0,0,0,0,0,0,0,0,0,0,0,0,0,0,0,0,0,0,0,1,0,0,0,0,0,0,0,0,0,0,0,0,0,0
-0.002005303,0.00636548,-0.002369795,-0.013206019,0.007893632,0.001128318,-0.01201051,0.02264891,0.010618106,0.008073087,0.01846477,0.007310256,-0.005386176,,,0,0,0,0,0,0,0,0,0,0,0,0,0,0,0,0,0,0,1,0,0,0,0,0,0,0,0,0,0,0,0,0,0,0,0,0,0,0,0,0,0
0.004379356,0.001946706,-0.004280101,-0.009998524,0.008073857,-0.001268315,-0.024015095,0.001753328,-0.011882913,-0.026405384,0.0216641,0.020499263,0.011333029,,,0,0,0,0,0,0,0,0,0,0,0,0,0,0,0,0,0,0,0,0,0,0,0,0,1,0,0,0,0,0,0,0,0,0,0,0,0,0,0,0,0
0.008824608,0.009941264,0.006235495,-0.005112222,0.00960046,-0.004594629,-0.018821494,0.008580521,-0.001723684,-0.002280387,0.011631314,-0.005109248,-0.019201237,,,0,0,0,0,0,0,0,0,0,0,0,0,0,0,0,0,0,0,0,0,0,0,0,0,0,0,0,0,0,1,0,0,0,0,0,0,0,0,0,0,0
0.000581048,0.009263312,-0.000548094,-0.006202027,0.015770005,0.004532045,-0.003160397,0.014623705,0.003433054,0.003768505,0.015597487,0.01016924,-0.011522034,,,0,0,0,0,0,0,0,0,0,0,0,0,0,0,0,0,0,0,0,0,0,1,0,0,0,0,0,0,0,0,0,0,0,0,0,0,0,0,0,0,0
-0.000342204,0.011679678,0.004086266,0.000542995,0.024591563,0.011386147,0.00269601,0.000152082,-0.007824621,-0.013244637,0.000362508,-0.002382048,-0.01609387,,,0,0,0,0,0,0,0,0,0,0,0,0,0,0,0,0,0,0,0,0,1,0,0,0,0,0,0,0,0,0,0,0,0,0,0,0,0,0,0,0,0
-0.006364688,0.006029992,-6.56856E-05,-0.008364767,0.027591927,0.016184863,0.009633877,-0.0147567,-0.021628648,-0.026823591,-0.020224279,-0.031316332,-0.04129786,,,0,0,0,0,0,0,0,0,0,0,0,0,0,0,1,0,0,0,0,0,0,0,0,0,0,0,0,0,0,0,0,0,0,0,0,0,0,0,0,0,0
-0.000841737,0.011705503,0.006575748,0.001987601,-0.000511246,-0.000106785,-0.006386443,-0.00316979,-0.011944536,-0.023942324,0.003569364,-0.009950221,-0.026393545,,,0,0,0,0,0,0,0,0,0,0,0,0,0,0,0,0,0,0,0,1,0,0,0,0,0,0,0,0,0,0,0,0,0,0,0,0,0,0,0,0,0
0.001021118,0.006219627,-0.003216803,-0.002893331,0.002954754,-0.010501775,-0.027430868,0.008947617,0.005956584,0.003990529,0.000862073,-0.002862608,-0.017530167,,,0,0,0,0,0,0,0,0,0,0,0,0,0,0,0,0,0,0,0,0,0,1,0,0,0,0,0,0,0,0,0,0,0,0,0,0,0,0,0,0,0
0.004434511,0.000436073,-0.007221538,-0.006978665,-0.008602211,-0.015193347,-0.026589625,-0.005948868,-0.014865833,-0.020007194,0.002881904,-0.007522695,-0.01365149,,,0,0,0,0,0,0,0,0,0,0,0,0,0,0,0,0,0,0,0,0,0,0,0,0,1,0,0,0,0,0,0,0,0,0,0,0,0,0,0,0,0
0.00661545,0.017553669,0.008466324,0.001984325,-0.006650611,-0.010428641,-0.023767817,0.027558719,0.017268116,0.003904204,0.011244446,0.000728509,-0.006564464,,,0,0,0,0,0,0,0,0,0,0,0,0,0,0,0,0,0,0,0,0,0,0,0,0,0,0,0,1,0,0,0,0,0,0,0,0,0,0,0,0,0
0.00562492,0.01383256,0.007575519,-0.004567711,0.005179208,-0.002437483,-0.014695852,-0.008939236,-0.019158109,-0.02970751,0.015453635,0.002730587,-0.000934184,,,0,0,0,0,0,0,0,0,0,0,0,0,0,0,0,0,0,0,0,0,0,0,0,0,0,0,1,0,0,0,0,0,0,0,0,0,0,0,0,0,0
-0.001802207,0.012339471,0.002941322,-0.009382353,0.008898431,-0.001187554,-0.010444649,0.00511663,-0.008218383,-0.014486019,0.008622972,-0.002594379,-0.019585311,,,0,0,0,0,0,0,0,0,0,0,0,0,0,0,0,0,0,0,1,0,0,0,0,0,0,0,0,0,0,0,0,0,0,0,0,0,0,0,0,0,0
-0.001225608,0.001868132,-0.010010386,-0.021349087,-0.007706453,-0.0189909,-0.026044734,0.019787469,0.008874016,0.000863035,0.021053972,0.005024205,-0.002525271,,,0,0,0,0,0,0,0,0,0,0,0,0,0,0,0,0,0,0,0,1,0,0,0,0,0,0,0,0,0,0,0,0,0,0,0,0,0,0,0,0,0
0.016335443,0.020612237,0.01465224,0.007009693,0.004958561,-0.010385937,-0.016810153,0.013139286,0.001025777,-0.013631558,-0.003069737,-0.016559719,-0.033011834,,,0,0,0,0,0,0,0,0,0,0,0,0,0,0,0,0,0,0,0,0,0,0,0,0,0,0,0,0,0,0,0,0,0,0,0,0,1,0,0,0,0
0.000191702,0.012313278,-0.001241084,-0.01790569,-0.001185885,-0.007800162,-0.015907223,0.021523139,0.017286885,0.010542026,0.028172388,0.014041502,-0.000639517,,,0,0,0,0,0,0,0,0,0,0,0,0,0,0,0,0,0,0,0,0,1,0,0,0,0,0,0,0,0,0,0,0,0,0,0,0,0,0,0,0,0
0.005079059,0.009820257,0.001566459,-0.009139652,0.023958232,0.009204521,0.002605717,-0.008810262,-0.016700136,-0.023268779,-0.011432086,-0.013898956,-0.026416234,,,0,0,0,0,0,0,0,0,0,0,0,0,0,0,0,0,0,0,0,0,0,0,0,0,0,1,0,0,0,0,0,0,0,0,0,0,0,0,0,0,0
-0.011249629,0.012495577,0.004149744,-0.009108047,0.005267367,-0.008040367,-0.0178086,0.027479726,0.015996521,-0.001653913,0.011914588,0.004409123,-0.004728634,,,0,0,0,0,0,0,0,0,0,1,0,0,0,0,0,0,0,0,0,0,0,0,0,0,0,0,0,0,0,0,0,0,0,0,0,0,0,0,0,0,0
0.000920625,0.034201358,0.018198737,0.005877093,0.01160146,0.006273583,-0.004241995,0.002466466,-0.018691203,-0.035549326,0.011410875,0.011985763,0.003815539,,,0,0,0,0,0,0,0,0,0,0,0,0,0,0,0,0,0,0,0,0,0,1,0,0,0,0,0,0,0,0,0,0,0,0,0,0,0,0,0,0,0
0.003337817,0.001982307,0.002659657,-0.003574761,0.009018057,-0.006652594,-0.023046692,0.018015924,0.001808324,-0.005976863,0.011365048,0.001708884,-0.011698788,,,0,0,0,0,0,0,0,0,0,0,0,0,0,0,0,0,0,0,0,0,0,0,0,1,0,0,0,0,0,0,0,0,0,0,0,0,0,0,0,0,0
0.003530192,0.006517599,-0.000226231,-0.004801536,0.008120134,-0.014427162,-0.034374148,0.021487473,0.010189356,0.002364828,0.019592252,0.00286053,-0.004319473,,,0,0,0,0,0,0,0,0,0,0,0,0,0,0,0,0,0,0,0,0,0,0,0,0,1,0,0,0,0,0,0,0,0,0,0,0,0,0,0,0,0
0.004124129,0.011170896,0.002732357,-0.008204751,0.009175261,-0.003574298,-0.018795566,0.020999665,0.00876884,-0.003347996,0.016472896,0.00813864,-0.005811345,,,0,0,0,0,0,0,0,0,0,0,0,0,0,0,0,0,0,0,0,0,0,0,0,0,1,0,0,0,0,0,0,0,0,0,0,0,0,0,0,0,0
0.023702386,0.019924684,0.013311376,0.003660111,0.027222646,0.015641917,0.002804342,0.007258217,-0.000301987,-0.015004074,0.03398624,0.008194826,-0.017779413,,,0,0,0,0,0,0,0,0,0,0,0,0,0,0,0,0,0,0,0,0,0,0,0,0,0,0,0,0,0,0,0,0,0,0,0,0,0,0,0,0,1
-0.008108692,-0.009851321,-0.017394679,-0.025206091,0.024709137,0.014145543,0.00220358,-0.00390694,-0.004185827,-0.014307455,0.018507379,0.008570345,-0.015850494,,,0,0,0,0,0,0,0,0,0,0,0,0,1,0,0,0,0,0,0,0,0,0,0,0,0,0,0,0,0,0,0,0,0,0,0,0,0,0,0,0,0
-0.001835423,0.01258077,0.004975281,-0.006537571,-0.003712968,-0.011341416,-0.014226152,0.00716487,0.001179433,-0.005049263,0.015485235,0.00907483,0.006424118,,,0,0,0,0,0,0,0,0,0,0,0,0,0,0,0,0,0,0,1,0,0,0,0,0,0,0,0,0,0,0,0,0,0,0,0,0,0,0,0,0,0
0.011338006,0.020126811,0.00854215,-0.005331723,0.003761039,-0.006564262,-0.008109237,0.031884765,0.009996688,-0.002532882,-0.002790962,-0.00457132,-0.009160372,,,0,0,0,0,0,0,0,0,0,0,0,0,0,0,0,0,0,0,0,0,0,0,0,0,0,0,0,0,0,0,0,1,0,0,0,0,0,0,0,0,0
0.004468545,0.014852493,0.001971793,-0.00820648,0.006746566,0.001522438,-0.004701943,0.030207432,0.011169788,-0.000814094,-0.009375901,-0.012998464,-0.025437725,,,0,0,0,0,0,0,0,0,0,0,0,0,0,0,0,0,0,0,0,0,0,0,0,0,1,0,0,0,0,0,0,0,0,0,0,0,0,0,0,0,0
-0.012474304,0.005796362,0.004787984,-0.00628026,-0.014202437,-0.022132745,-0.033803415,0.004144893,0.000849689,-0.023823976,0.02311512,0.004748766,-0.006705717,,,0,0,0,0,0,0,0,0,1,0,0,0,0,0,0,0,0,0,0,0,0,0,0,0,0,0,0,0,0,0,0,0,0,0,0,0,0,0,0,0,0
0.014415404,0.022171075,0.003307701,-0.005377083,-0.010828933,-0.028475548,-0.038040898,0.016893451,-0.003814239,-0.016789112,0.011251004,0.003474431,-0.011760102,,,0,0,0,0,0,0,0,0,0,0,0,0,0,0,0,0,0,0,0,0,0,0,0,0,0,0,0,0,0,0,0,0,0,0,1,0,0,0,0,0,0
9.87697E-06,0.040840131,0.018395119,0.00365107,-0.006191546,-0.015314337,-0.0216657,0.005973767,-0.001455688,-0.009517839,-0.005354226,-0.009614899,-0.015383483,,,0,0,0,0,0,0,0,0,0,0,0,0,0,0,0,0,0,0,0,0,1,0,0,0,0,0,0,0,0,0,0,0,0,0,0,0,0,0,0,0,0
-0.004637546,-0.013831053,-0.023460742,-0.035433907,0.002822126,-0.012504671,-0.020831,0.004136208,-0.011928757,-0.024806521,0.012857091,0.006280789,-0.002220345,,,0,0,0,0,0,0,0,0,0,0,0,0,0,0,0,1,0,0,0,0,0,0,0,0,0,0,0,0,0,0,0,0,0,0,0,0,0,0,0,0,0
0.016419391,-0.005220572,-0.005316349,-0.021662381,-0.010660442,-0.012107736,-0.018262071,0.007048119,-0.002688698,-0.019717234,0.006485873,-0.002567396,-0.008870854,,,0,0,0,0,0,0,0,0,0,0,0,0,0,0,0,0,0,0,0,0,0,0,0,0,0,0,0,0,0,0,0,0,0,0,0,0,1,0,0,0,0
0.016455183,0.013010801,0.003155516,-0.00333411,0.006936673,-0.002600657,-0.007491834,0.018912503,0.008371715,-0.007821368,0.008410711,0.00070227,-0.024614192,,,0,0,0,0,0,0,0,0,0,0,0,0,0,0,0,0,0,0,0,0,0,0,0,0,0,0,0,0,0,0,0,0,0,0,0,0,1,0,0,0,0
0.019418273,0.013442558,0.003716772,0.000858027,0.03579,0.02709468,0.017125684,0.034842105,0.024416501,0.012298217,0.002822672,-0.013850241,-0.023431983,,,0,0,0,0,0,0,0,0,0,0,0,0,0,0,0,0,0,0,0,0,0,0,0,0,0,0,0,0,0,0,0,0,0,0,0,0,0,0,0,1,0
-0.012319721,0.001876737,-0.010657448,-0.030261362,0.040340632,0.022062018,0.009374755,0.017953713,0.008813795,-0.001931995,0.023886738,0.009307457,-0.006483841,,,0,0,0,0,0,0,0,0,1,0,0,0,0,0,0,0,0,0,0,0,0,0,0,0,0,0,0,0,0,0,0,0,0,0,0,0,0,0,0,0,0
-0.00015305,0.012957823,0.006794929,-0.002899658,0.01657916,-0.001192639,-0.013847072,-0.013161242,-0.024331561,-0.034959715,0.017346109,0.008814779,-0.000744602,,,0,0,0,0,0,0,0,0,0,0,0,0,0,0,0,0,0,0,0,0,1,0,0,0,0,0,0,0,0,0,0,0,0,0,0,0,0,0,0,0,0
-0.000627855,0.019400672,0.012955755,0.006310355,0.017213358,0.004307285,-0.011001491,-0.007491175,-0.017641597,-0.032524598,0.035082027,0.010638396,-0.005266632,,,0,0,0,0,0,0,0,0,0,0,0,0,0,0,0,0,0,0,0,1,0,0,0,0,0,0,0,0,0,0,0,0,0,0,0,0,0,0,0,0,0
-0.014190261,0.005679289,0.001633137,-0.00514291,-0.009249895,-0.012281115,-0.02860191,0.013544141,-0.003344967,-0.017205841,-0.003453863,-0.008662164,-0.031843919,,,0,0,0,0,0,0,1,0,0,0,0,0,0,0,0,0,0,0,0,0,0,0,0,0,0,0,0,0,0,0,0,0,0,0,0,0,0,0,0,0,0
-0.018568918,-0.007816761,-0.018943372,-0.036793329,0.014057335,-0.007224078,-0.025971514,0.042453024,0.031849363,0.027754572,-0.018837103,-0.023879665,-0.032473018,,,0,1,0,0,0,0,0,0,0,0,0,0,0,0,0,0,0,0,0,0,0,0,0,0,0,0,0,0,0,0,0,0,0,0,0,0,0,0,0,0,0
0.001561775,0.017353482,0.005882064,-0.006922843,0.004246765,-0.000526448,-0.013479551,0.006226794,-0.001133551,-0.013232904,0.022044772,0.009200752,-0.00065404,,,0,0,0,0,0,0,0,0,0,0,0,0,0,0,0,0,0,0,0,0,0,0,1,0,0,0,0,0,0,0,0,0,0,0,0,0,0,0,0,0,0
0.005018923,0.027699157,0.013545658,0.002264075,0.022865196,0.001752466,-0.012216041,0.016151897,0.00562696,-0.002103386,0.009469831,0.008655718,-0.008913807,,,0,0,0,0,0,0,0,0,0,0,0,0,0,0,0,0,0,0,0,0,0,0,0,0,0,1,0,0,0,0,0,0,0,0,0,0,0,0,0,0,0
-0.018834315,-0.008976003,-0.016882351,-0.028413372,-0.009360599,-0.013429209,-0.020935172,0.016005002,0.00737788,0.000477506,0.001231801,-0.003186058,-0.012020339,,,0,1,0,0,0,0,0,0,0,0,0,0,0,0,0,0,0,0,0,0,0,0,0,0,0,0,0,0,0,0,0,0,0,0,0,0,0,0,0,0,0
-0.000407388,0.013871198,0.002809548,-0.010489367,-0.018266179,-0.027701931,-0.031639416,0.028068899,0.012070069,-0.009011133,0.025758593,0.010034674,-0.000432418,,,0,0,0,0,0,0,0,0,0,0,0,0,0,0,0,0,0,0,0,0,1,0,0,0,0,0,0,0,0,0,0,0,0,0,0,0,0,0,0,0,0
0.024578545,-0.021381077,-0.027191014,-0.0308954,0.011470813,0.005262337,-0.011356875,-0.007374035,-0.019951056,-0.037679084,0.006027084,-0.008720219,-0.018512033,,,0,0,0,0,0,0,0,0,0,0,0,0,0,0,0,0,0,0,0,0,0,0,0,0,0,0,0,0,0,0,0,0,0,0,0,0,0,0,0,0,1
0.005553432,0.026733021,0.016174311,0.005072278,-0.007984759,-0.016152206,-0.018005499,0.026154884,0.00598682,-0.004206237,-0.002374899,-0.00674446,-0.01750156,,,0,0,0,0,0,0,0,0,0,0,0,0,0,0,0,0,0,0,0,0,0,0,0,0,0,0,1,0,0,0,0,0,0,0,0,0,0,0,0,0,0
-0.010869994,0.022640026,0.003433221,-0.00512694,-0.003936947,-0.015907763,-0.02586755,0.017591296,-0.002571321,-0.018309092,0.026029971,0.013144353,-0.002443249,,,0,0,0,0,0,0,0,0,0,1,0,0,0,0,0,0,0,0,0,0,0,0,0,0,0,0,0,0,0,0,0,0,0,0,0,0,0,0,0,0,0
0.014108692,0.002816904,-0.006449765,-0.020776883,0.021085374,0.007074769,-0.005341868,0.002431777,-0.006138444,-0.015346869,-0.007891981,-0.023977617,-0.019144979,,,0,0,0,0,0,0,0,0,0,0,0,0,0,0,0,0,0,0,0,0,0,0,0,0,0,0,0,0,0,0,0,0,0,0,1,0,0,0,0,0,0
-0.015690358,0.00022577,-0.010702372,-0.021081918,0.008843208,-0.006743464,-0.01374796,0.0272439,0.021430305,0.004187036,-0.002718297,-0.01872413,-0.022486734,,,0,0,0,0,1,0,0,0,0,0,0,0,0,0,0,0,0,0,0,0,0,0,0,0,0,0,0,0,0,0,0,0,0,0,0,0,0,0,0,0,0
0.020173149,-0.012849351,-0.016657972,-0.019069251,0.007287984,0.003457928,0.000362125,0.014718747,0.008295652,-0.001487234,0.016159271,-0.00622379,-0.023785698,,,0,0,0,0,0,0,0,0,0,0,0,0,0,0,0,0,0,0,0,0,0,0,0,0,0,0,0,0,0,0,0,0,0,0,0,0,0,0,0,0,1
0.005221577,0.027355216,0.020016366,0.013012485,0.012018254,0.007272405,-0.002128154,0.014023946,0.001846297,-0.006137019,-0.02252968,-0.022239779,-0.033725499,,,0,0,0,0,0,0,0,0,0,0,0,0,0,0,0,0,0,0,0,0,0,0,0,0,0,1,0,0,0,0,0,0,0,0,0,0,0,0,0,0,0
-0.01170714,-0.007074503,-0.020354338,-0.024395801,0.016513672,0.007630195,0.000385938,0.007842968,-0.001701325,-0.014827946,0.003510043,-0.002118386,-0.012580569,,,0,0,0,0,0,0,0,0,1,0,0,0,0,0,0,0,0,0,0,0,0,0,0,0,0,0,0,0,0,0,0,0,0,0,0,0,0,0,0,0,0
0.000567619,0.011197717,0.000710424,-0.006829388,0.024753035,0.010195784,0.001667446,-0.007221664,-0.013738011,-0.028718556,0.062169897,0.044241054,0.022751784,,,0,0,0,0,0,0,0,0,0,0,0,0,0,0,0,0,0,0,0,0,0,1,0,0,0,0,0,0,0,0,0,0,0,0,0,0,0,0,0,0,0
-0.021732367,0.014358838,-0.00525335,-0.022885104,0.016390491,-0.001301715,-0.03208814,0.003172436,-0.003708249,-0.013237586,0.008267962,0.003418897,-0.011114537,,,1,0,0,0,0,0,0,0,0,0,0,0,0,0,0,0,0,0,0,0,0,0,0,0,0,0,0,0,0,0,0,0,0,0,0,0,0,0,0,0,0
0.016632323,0.015894774,0.007480723,-0.000584746,0.025166519,0.015761444,-0.007748838,0.00318321,-0.004734444,-0.010752708,0.007293189,0.006363881,-0.008132545,,,0,0,0,0,0,0,0,0,0,0,0,0,0,0,0,0,0,0,0,0,0,0,0,0,0,0,0,0,0,0,0,0,0,0,0,0,0,1,0,0,0
-0.025156092,-0.018386059,-0.026035114,-0.041546911,0.03613024,0.024001418,-0.008625296,-0.001464289,-0.01657441,-0.026224609,0.019121602,-0.004189262,-0.017464642,,,1,0,0,0,0,0,0,0,0,0,0,0,0,0,0,0,0,0,0,0,0,0,0,0,0,0,0,0,0,0,0,0,0,0,0,0,0,0,0,0,0
0.007816783,-0.009653639,-0.015744127,-0.02782344,0.03895691,0.020026571,0.0023196,0.019090081,0.003007639,-0.009879517,0.013103608,0.00359674,-0.001856054,,,0,0,0,0,0,0,0,0,0,0,0,0,0,0,0,0,0,0,0,0,0,0,0,0,0,0,0,0,1,0,0,0,0,0,0,0,0,0,0,0,0
0.000888903,0.041901812,0.018113535,-0.004236842,0.033503501,0.018922868,0.015908127,0.00744613,-0.00461372,-0.014882553,0.006130605,-0.002669982,-0.023082722,,,0,0,0,0,0,0,0,0,0,0,0,0,0,0,0,0,0,0,0,0,0,1,0,0,0,0,0,0,0,0,0,0,0,0,0,0,0,0,0,0,0
-0.010844687,0.02135451,0.006355371,-0.011634031,0.030865471,0.015851694,0.011875273,0.011924607,0.005552277,-0.000435559,0.025417411,0.024856984,0.01036448,,,0,0,0,0,0,0,0,0,0,1,0,0,0,0,0,0,0,0,0,0,0,0,0,0,0,0,0,0,0,0,0,0,0,0,0,0,0,0,0,0,0
-0.02386853,-0.00031171,-0.01285628,-0.02176634,0.020184013,0.017397448,0.004944018,0.021267184,0.009956334,-0.007497274,0.002635427,0.001029478,-0.010308711,,,1,0,0,0,0,0,0,0,0,0,0,0,0,0,0,0,0,0,0,0,0,0,0,0,0,0,0,0,0,0,0,0,0,0,0,0,0,0,0,0,0
-0.013141453,-0.00843918,-0.016041807,-0.024664476,0.027719298,0.020233462,0.011962999,0.019661496,0.000621654,-0.010077706,-0.012591529,-0.013680017,-0.022156424,,,0,0,0,0,0,0,0,1,0,0,0,0,0,0,0,0,0,0,0,0,0,0,0,0,0,0,0,0,0,0,0,0,0,0,0,0,0,0,0,0,0
0.002046642,0.019719192,0.009170059,-0.000427436,0.014158621,0.006352319,0.00158129,0.002967315,-0.004095707,-0.013155297,-0.002612193,-0.014242216,-0.021192952,,,0,0,0,0,0,0,0,0,0,0,0,0,0,0,0,0,0,0,0,0,0,0,1,0,0,0,0,0,0,0,0,0,0,0,0,0,0,0,0,0,0
-0.01535235,0.017389509,0.013407645,0.006689861,0.003684636,-0.009059204,-0.03532348,0.006483415,0.000190978,-0.005809961,0.004841282,-0.00254454,-0.012509048,,,0,0,0,0,0,1,0,0,0,0,0,0,0,0,0,0,0,0,0,0,0,0,0,0,0,0,0,0,0,0,0,0,0,0,0,0,0,0,0,0,0
-0.009407791,0.000857423,-0.006684405,-0.009092771,0.014461244,0.001380033,-0.009425067,0.004138428,5.75775E-05,-0.007534012,0.003955079,-0.004247897,-0.013914742,,,0,0,0,0,0,0,0,0,0,0,0,1,0,0,0,0,0,0,0,0,0,0,0,0,0,0,0,0,0,0,0,0,0,0,0,0,0,0,0,0,0
-0.007199952,-0.008401164,-0.01193679,-0.019902332,0.007991483,0.001424437,-0.001568188,0.004679427,-0.00214984,-0.007479433,-0.008564441,-0.010886277,-0.021318711,,,0,0,0,0,0,0,0,0,0,0,0,0,0,1,0,0,0,0,0,0,0,0,0,0,0,0,0,0,0,0,0,0,0,0,0,0,0,0,0,0,0
0.010625126,0.014898539,-0.000603802,-0.01331992,0.020723714,0.00952394,0.001793512,-0.004030723,-0.007598684,-0.015732812,0.030055752,0.015327585,0.008327081,,,0,0,0,0,0,0,0,0,0,0,0,0,0,0,0,0,0,0,0,0,0,0,0,0,0,0,0,0,0,0,0,1,0,0,0,0,0,0,0,0,0
-0.002144312,0.026244723,0.013600293,0.005226955,0.009992641,-0.00441145,-0.022912073,0.019097559,0.009649871,-0.002759465,-0.012067539,-0.024308187,-0.037219372,,,0,0,0,0,0,0,0,0,0,0,0,0,0,0,0,0,0,0,1,0,0,0,0,0,0,0,0,0,0,0,0,0,0,0,0,0,0,0,0,0,0
-0.001563612,-0.001970913,-0.009918574,-0.019049417,-0.001818516,-0.009182695,-0.012464433,-0.00765946,-0.01659192,-0.034345329,0.03375305,0.01864343,0.00750673,,,0,0,0,0,0,0,0,0,0,0,0,0,0,0,0,0,0,0,1,0,0,0,0,0,0,0,0,0,0,0,0,0,0,0,0,0,0,0,0,0,0
0.012398739,-0.007918276,-0.015124214,-0.020364793,-0.004539518,-0.007330835,-0.01853839,0.015361887,0.009159502,0.000895646,0.026315579,0.00787933,0.005577281,,,0,0,0,0,0,0,0,0,0,0,0,0,0,0,0,0,0,0,0,0,0,0,0,0,0,0,0,0,0,0,0,0,1,0,0,0,0,0,0,0,0
0.008824692,0.005669681,0.002555127,-0.01157486,0.001878517,-0.002183189,-0.01117756,0.013711166,0.007408329,-0.005485953,-0.020439705,-0.031440349,-0.046323326,,,0,0,0,0,0,0,0,0,0,0,0,0,0,0,0,0,0,0,0,0,0,0,0,0,0,0,0,0,0,1,0,0,0,0,0,0,0,0,0,0,0
0.007792522,0.024065648,0.013187911,0.008209872,0.010576314,0.00786584,-0.001490554,-0.008258658,-0.017099001,-0.032738746,0.04619422,0.030705461,0.023276922,,,0,0,0,0,0,0,0,0,0,0,0,0,0,0,0,0,0,0,0,0,0,0,0,0,0,0,0,0,1,0,0,0,0,0,0,0,0,0,0,0,0
-0.017875854,0.010914056,0.001608489,-0.00316883,0.022116135,0.013108774,0.005460736,0.016958559,0.00758717,-0.003927878,0.022367026,0.013106833,0.000648472,,,0,0,1,0,0,0,0,0,0,0,0,0,0,0,0,0,0,0,0,0,0,0,0,0,0,0,0,0,0,0,0,0,0,0,0,0,0,0,0,0,0
-0.015086239,-0.006009173,-0.019832693,-0.029936643,0.010048124,-0.005855698,-0.021589128,0.020433273,0.005085956,0.0020164,0.005292323,0.003317645,-0.010471936,,,0,0,0,0,0,1,0,0,0,0,0,0,0,0,0,0,0,0,0,0,0,0,0,0,0,0,0,0,0,0,0,0,0,0,0,0,0,0,0,0,0
0.01447555,0.007981774,-0.001057798,-0.009159868,0.00082044,-0.010270743,-0.025303461,0.008954609,0.005429167,0.00161109,-0.013358965,-0.021879704,-0.031715932,,,0,0,0,0,0,0,0,0,0,0,0,0,0,0,0,0,0,0,0,0,0,0,0,0,0,0,0,0,0,0,0,0,0,0,1,0,0,0,0,0,0
0.010614009,-0.002807399,-0.003300614,-0.011893959,0.022192027,0.008281407,-0.007290949,0.012463638,-0.000382251,-0.011877648,-0.01444212,-0.032884276,-0.043952694,,,0,0,0,0,0,0,0,0,0,0,0,0,0,0,0,0,0,0,0,0,0,0,0,0,0,0,0,0,0,0,0,1,0,0,0,0,0,0,0,0,0
0.004783273,0.004857463,-0.002533331,-0.009928759,0.025894485,0.010179332,-0.005024421,0.015126455,0.005069653,-0.004176144,0.039707005,0.020740691,0.00338097,,,0,0,0,0,0,0,0,0,0,0,0,0,0,0,0,0,0,0,0,0,0,0,0,0,0,1,0,0,0,0,0,0,0,0,0,0,0,0,0,0,0
-0.019523447,-0.00417869,-0.011260923,-0.020397071,0.001908964,-0.004301718,-0.009471085,-0.002825357,-0.009990814,-0.017505729,0.063906804,0.046061837,0.029875748,,,1,0,0,0,0,0,0,0,0,0,0,0,0,0,0,0,0,0,0,0,0,0,0,0,0,0,0,0,0,0,0,0,0,0,0,0,0,0,0,0,0
0.002285433,0.021935192,0.015315881,0.013696061,0.013942058,0.00854994,-0.000805024,0.0019817,-0.006513592,-0.015682968,0.038182554,0.021568651,0.014370181,,,0,0,0,0,0,0,0,0,0,0,0,0,0,0,0,0,0,0,0,0,0,0,1,0,0,0,0,0,0,0,0,0,0,0,0,0,0,0,0,0,0
-0.007724518,0.008278994,-0.001281976,-0.008500306,0.012312342,0.009214953,0.000478393,0.004406485,-0.00675083,-0.018605716,0.014750131,0.012585776,-0.007008913,,,0,0,0,0,0,0,0,0,0,0,0,0,1,0,0,0,0,0,0,0,0,0,0,0,0,0,0,0,0,0,0,0,0,0,0,0,0,0,0,0,0
-0.006469039,0.003114567,-0.003764146,-0.012376262,0.019216462,0.003452536,-0.002064077,-0.011179892,-0.024215319,-0.036026815,0.009360942,-0.005263534,-0.013247791,,,0,0,0,0,0,0,0,0,0,0,0,0,0,0,1,0,0,0,0,0,0,0,0,0,0,0,0,0,0,0,0,0,0,0,0,0,0,0,0,0,0
-0.006971062,0.001457673,-0.007847179,-0.024661012,0.00389678,-0.005731275,-0.005508087,0.022179939,0.017527097,0.002315615,0.007217049,0.00143644,-0.006201878,,,0,0,0,0,0,0,0,0,0,0,0,0,0,1,0,0,0,0,0,0,0,0,0,0,0,0,0,0,0,0,0,0,0,0,0,0,0,0,0,0,0
0.020411628,0.004050198,-0.002855531,-0.012395348,0.014045026,0.00458411,0.00050043,0.015367598,0.004947288,-0.004003389,0.00393825,-0.006429042,-0.018620741,,,0,0,0,0,0,0,0,0,0,0,0,0,0,0,0,0,0,0,0,0,0,0,0,0,0,0,0,0,0,0,0,0,0,0,0,0,0,0,0,0,1
-0.014412124,0.014138248,0.002983427,-0.004966925,0.0175207,0.004453148,-0.004764931,0.02318052,0.007264302,-0.004839149,-9.32271E-05,-0.010047649,-0.021983941,,,0,0,0,0,0,0,1,0,0,0,0,0,0,0,0,0,0,0,0,0,0,0,0,0,0,0,0,0,0,0,0,0,0,0,0,0,0,0,0,0,0
-0.011003248,0.005848529,-0.002521348,-0.007411939,0.000102412,-0.004208804,-0.007681553,0.012911702,0.002762815,-0.006012506,-0.002655271,-0.012735163,-0.032461171,,,0,0,0,0,0,0,0,0,0,1,0,0,0,0,0,0,0,0,0,0,0,0,0,0,0,0,0,0,0,0,0,0,0,0,0,0,0,0,0,0,0
0.01067555,0.003823107,-0.003153154,-0.009294045,0.01806648,0.010032913,0.003045642,-0.00352942,-0.008865202,-0.020702672,0.010277197,-0.001242989,-0.005609707,,,0,0,0,0,0,0,0,0,0,0,0,0,0,0,0,0,0,0,0,0,0,0,0,0,0,0,0,0,0,0,0,1,0,0,0,0,0,0,0,0,0
-0.004612747,0.008373106,0.001082017,-0.005868496,0.003149541,-0.00231905,-0.014243421,-0.00360139,-0.015701327,-0.023226296,0.022551121,0.010787874,0.001750721,,,0,0,0,0,0,0,0,0,0,0,0,0,0,0,0,1,0,0,0,0,0,0,0,0,0,0,0,0,0,0,0,0,0,0,0,0,0,0,0,0,0
0.000629389,0.014502834,0.00654784,0.000990605,-0.000450632,-0.014707591,-0.021893849,0.020696128,0.013296523,0.007916526,-0.017420967,-0.027099154,-0.037292729,,,0,0,0,0,0,0,0,0,0,0,0,0,0,0,0,0,0,0,0,0,0,1,0,0,0,0,0,0,0,0,0,0,0,0,0,0,0,0,0,0,0
-9.32262E-05,0.001889174,-0.004043161,-0.007403721,-0.000568199,-0.00917268,-0.018157338,-0.007968428,-0.016892421,-0.029425153,-0.008340152,-0.011103294,-0.018536239,,,0,0,0,0,0,0,0,0,0,0,0,0,0,0,0,0,0,0,0,0,1,0,0,0,0,0,0,0,0,0,0,0,0,0,0,0,0,0,0,0,0
0.001257345,0.008928294,0.004344717,-0.006663623,0.009770609,-0.008004647,-0.016148097,0.003316256,-0.005798085,-0.015506802,0.017872221,0.008587474,0.002289053,,,0,0,0,0,0,0,0,0,0,0,0,0,0,0,0,0,0,0,0,0,0,1,0,0,0,0,0,0,0,0,0,0,0,0,0,0,0,0,0,0,0
-0.001199474,0.007045207,0.000848988,-0.006952429,-0.010387098,-0.009045789,-0.022574379,0.029661761,0.022957716,0.001399157,0.006802598,-0.009689361,-0.014022466,,,0,0,0,0,0,0,0,0,0,0,0,0,0,0,0,0,0,0,0,1,0,0,0,0,0,0,0,0,0,0,0,0,0,0,0,0,0,0,0,0,0
0.003840826,0.012881454,0.005792476,0.00231287,0.011086196,-0.001587768,-0.014213291,0.008465748,-0.012257903,-0.028213856,0.003598963,-0.006618872,-0.016443955,,,0,0,0,0,0,0,0,0,0,0,0,0,0,0,0,0,0,0,0,0,0,0,0,0,1,0,0,0,0,0,0,0,0,0,0,0,0,0,0,0,0
-0.00108763,0.004606027,-0.005327767,-0.015020809,0.011424039,-0.010237131,-0.025254238,0.02169407,0.009672292,-0.007014355,0.009741537,-0.001183877,-0.014864896,,,0,0,0,0,0,0,0,0,0,0,0,0,0,0,0,0,0,0,0,1,0,0,0,0,0,0,0,0,0,0,0,0,0,0,0,0,0,0,0,0,0
0.016105087,-0.00242845,-0.002636457,-0.017444574,0.008422278,-0.006465778,-0.019237242,0.035415899,0.027251154,0.021076639,0.01762518,0.003398238,-0.010537874,,,0,0,0,0,0,0,0,0,0,0,0,0,0,0,0,0,0,0,0,0,0,0,0,0,0,0,0,0,0,0,0,0,0,0,0,0,1,0,0,0,0
-0.001304087,0.003839183,-0.002689036,-0.009205675,0.016432385,0.00401737,-0.010285641,0.010047671,0.003647314,-0.002649349,0.006458286,-0.005547202,-0.013694094,,,0,0,0,0,0,0,0,0,0,0,0,0,0,0,0,0,0,0,0,1,0,0,0,0,0,0,0,0,0,0,0,0,0,0,0,0,0,0,0,0,0
0.014859787,0.011683584,0.001585022,-0.00889093,0.041029003,0.02908747,0.018603436,0.010817384,0.000732293,-0.008502918,0.005478574,-0.006601117,-0.011412864,,,0,0,0,0,0,0,0,0,0,0,0,0,0,0,0,0,0,0,0,0,0,0,0,0,0,0,0,0,0,0,0,0,0,0,0,1,0,0,0,0,0
-0.011216619,0.007900575,0.001359544,-0.000892931,0.025294311,0.019967715,0.014675058,0.016293704,0.00146107,-0.006873227,-0.007914353,-0.01866814,-0.038493936,,,0,0,0,0,0,0,0,0,0,1,0,0,0,0,0,0,0,0,0,0,0,0,0,0,0,0,0,0,0,0,0,0,0,0,0,0,0,0,0,0,0
-0.01402503,0.018056023,0.0054512,-0.001423629,0.013594204,0.003405487,-0.01511253,0.015528945,-0.002395125,-0.010752273,0.008458116,0.002348385,-0.005148607,,,0,0,0,0,0,0,1,0,0,0,0,0,0,0,0,0,0,0,0,0,0,0,0,0,0,0,0,0,0,0,0,0,0,0,0,0,0,0,0,0,0
-0.003195859,0.002130045,-0.000464327,-0.002436912,0.012823532,0.009428338,-0.001253366,-0.008657155,-0.02312241,-0.029714712,0.024929292,0.014916933,0.005804899,,,0,0,0,0,0,0,0,0,0,0,0,0,0,0,0,0,0,1,0,0,0,0,0,0,0,0,0,0,0,0,0,0,0,0,0,0,0,0,0,0,0
0.001545655,0.011726183,0.002789873,-0.00674832,0.012691946,0.005081556,-0.011861304,0.013127738,-0.003981827,-0.018853931,0.015438553,0.006059846,-0.00361403,,,0,0,0,0,0,0,0,0,0,0,0,0,0,0,0,0,0,0,0,0,0,0,1,0,0,0,0,0,0,0,0,0,0,0,0,0,0,0,0,0,0
-0.00982146,0.020701563,0.009794485,-0.004370667,0.007475903,-0.006782793,-0.021058405,0.009499244,-0.003993544,-0.019158348,0.002356805,-0.004393703,-0.014791063,,,0,0,0,0,0,0,0,0,0,0,1,0,0,0,0,0,0,0,0,0,0,0,0,0,0,0,0,0,0,0,0,0,0,0,0,0,0,0,0,0,0
-0.000311748,0.015679462,0.011580372,0.009100403,0.01203522,-0.001013941,-0.011429728,0.007148358,-0.009454222,-0.01926832,0.011604197,0.006104671,-0.001462246,,,0,0,0,0,0,0,0,0,0,0,0,0,0,0,0,0,0,0,0,0,1,0,0,0,0,0,0,0,0,0,0,0,0,0,0,0,0,0,0,0,0
-0.001096676,6.59629E-05,-0.003108004,-0.005920366,0.0169785,0.008228762,-0.006179275,0.000291966,-0.004995797,-0.014919102,0.01439471,0.005010874,-0.011862831,,,0,0,0,0,0,0,0,0,0,0,0,0,0,0,0,0,0,0,0,1,0,0,0,0,0,0,0,0,0,0,0,0,0,0,0,0,0,0,0,0,0
-0.003513907,0.001933354,-0.004818639,-0.011437807,-0.000943692,-0.011206514,-0.020651498,0.032084189,0.012411975,-0.001577876,0.004022176,-0.003385286,-0.018024993,,,0,0,0,0,0,0,0,0,0,0,0,0,0,0,0,0,1,0,0,0,0,0,0,0,0,0,0,0,0,0,0,0,0,0,0,0,0,0,0,0,0
0.002761253,0.015837686,0.00633873,-0.004238309,-0.003604223,-0.016535783,-0.031167003,0.024968932,-0.000796218,-0.016442423,-0.001836551,-0.011773809,-0.027859316,,,0,0,0,0,0,0,0,0,0,0,0,0,0,0,0,0,0,0,0,0,0,0,0,1,0,0,0,0,0,0,0,0,0,0,0,0,0,0,0,0,0
0.011859198,0.017339761,0.008079906,0.003324851,0.000476585,-0.010342568,-0.020222567,0.014179738,0.000234251,-0.020601471,0.013346575,0.00281668,-0.001855451,,,0,0,0,0,0,0,0,0,0,0,0,0,0,0,0,0,0,0,0,0,0,0,0,0,0,0,0,0,0,0,0,0,1,0,0,0,0,0,0,0,0
-0.004782199,-0.001924573,-0.003698614,-0.007410297,0.007211979,-0.007320991,-0.018706595,0.020548138,0.013677059,0.000632803,-0.001032266,-0.003747116,-0.009516851,,,0,0,0,0,0,0,0,0,0,0,0,0,0,0,0,1,0,0,0,0,0,0,0,0,0,0,0,0,0,0,0,0,0,0,0,0,0,0,0,0,0
-0.000413928,0.006190855,-0.002315948,-0.005660396,0.020959573,0.008098972,-0.001348104,-0.012534858,-0.024813815,-0.034087135,-0.008618198,-0.01314536,-0.018876891,,,0,0,0,0,0,0,0,0,0,0,0,0,0,0,0,0,0,0,0,0,1,0,0,0,0,0,0,0,0,0,0,0,0,0,0,0,0,0,0,0,0
0.011825699,0.030487639,0.019300242,0.001133616,0.015164701,0.004200247,-0.003253814,0.031354617,0.0093252,-0.007092107,-0.011452135,-0.017855739,-0.026032046,,,0,0,0,0,0,0,0,0,0,0,0,0,0,0,0,0,0,0,0,0,0,0,0,0,0,0,0,0,0,0,0,0,1,0,0,0,0,0,0,0,0
-0.002520502,0.024952606,0.006926241,0.000490822,0.006279546,0.001000049,-0.006900935,0.013225212,0.005178548,-0.003570502,0.011924975,0.006645474,0.004644403,,,0,0,0,0,0,0,0,0,0,0,0,0,0,0,0,0,0,1,0,0,0,0,0,0,0,0,0,0,0,0,0,0,0,0,0,0,0,0,0,0,0
-0.001878467,0.001767455,-0.001591991,-0.019441789,-0.003641672,-0.011189911,-0.019639489,-0.014192,-0.020891038,-0.02341091,0.024720051,0.021859971,0.018647614,,,0,0,0,0,0,0,0,0,0,0,0,0,0,0,0,0,0,0,1,0,0,0,0,0,0,0,0,0,0,0,0,0,0,0,0,0,0,0,0,0,0
0.011022612,-0.002203345,-0.009795111,-0.017579347,-0.009022773,-0.024015688,-0.054376861,0.036531914,0.021681179,0.012130173,-0.005051154,-0.00726124,-0.017374652,,,0,0,0,0,0,0,0,0,0,0,0,0,0,0,0,0,0,0,0,0,0,0,0,0,0,0,0,0,0,0,0,1,0,0,0,0,0,0,0,0,0
0.016564797,0.003729115,-0.002941247,-0.008581834,0.017383074,0.005703207,0.001432991,0.022123224,0.006183526,-0.003577967,-0.001868621,-0.007275106,-0.015263818,,,0,0,0,0,0,0,0,0,0,0,0,0,0,0,0,0,0,0,0,0,0,0,0,0,0,0,0,0,0,0,0,0,0,0,0,0,0,1,0,0,0
-0.005801612,0.013847633,0.006484331,-0.001122645,0.027324375,0.008654907,0.000761768,0.008629434,-0.002255286,-0.011938686,-0.000668076,-0.006402585,-0.010250131,,,0,0,0,0,0,0,0,0,0,0,0,0,0,0,1,0,0,0,0,0,0,0,0,0,0,0,0,0,0,0,0,0,0,0,0,0,0,0,0,0,0
-0.001385877,0.015044361,-0.001599539,-0.009271034,0.007794865,0.001708593,-0.007944684,-0.004922744,-0.016461763,-0.024223004,0.00268507,-0.008924634,-0.015202746,,,0,0,0,0,0,0,0,0,0,0,0,0,0,0,0,0,0,0,0,1,0,0,0,0,0,0,0,0,0,0,0,0,0,0,0,0,0,0,0,0,0
0.000306424,0.010757753,0.002087738,-0.007652498,0.003865297,-0.005091558,-0.013943738,-0.012500258,-0.029342549,-0.049697966,0.014386457,0.004866963,-0.004084672,,,0,0,0,0,0,0,0,0,0,0,0,0,0,0,0,0,0,0,0,0,1,0,0,0,0,0,0,0,0,0,0,0,0,0,0,0,0,0,0,0,0
0.004598809,0.016244763,0.001570139,-0.010299132,-0.00043329,-0.01107081,-0.022528224,0.013058278,0.008505315,-0.004171405,0.044803999,0.024160081,0.009980475,,,0,0,0,0,0,0,0,0,0,0,0,0,0,0,0,0,0,0,0,0,0,0,0,0,0,1,0,0,0,0,0,0,0,0,0,0,0,0,0,0,0
0.014809829,0.021706166,0.012037849,0.006374537,0.012113218,-0.004099989,-0.018535238,0.045876088,0.036561228,0.017919318,0.009494117,-0.000619496,-0.003931375,,,0,0,0,0,0,0,0,0,0,0,0,0,0,0,0,0,0,0,0,0,0,0,0,0,0,0,0,0,0,0,0,0,0,0,0,1,0,0,0,0,0
-0.004688276,0.014061119,0.003137722,-0.000419058,0.015116889,0.008596459,-0.008670859,0.042871795,0.027181565,0.005717866,0.007626925,-0.004404005,-0.021670071,,,0,0,0,0,0,0,0,0,0,0,0,0,0,0,0,1,0,0,0,0,0,0,0,0,0,0,0,0,0,0,0,0,0,0,0,0,0,0,0,0,0
-0.006806168,0.009632686,0.00459806,-0.012978024,0.011150133,0.002265207,-0.004980637,0.035403171,0.015883069,0.004973648,0.018069471,0.010794521,0.004192457,,,0,0,0,0,0,0,0,0,0,0,0,0,0,1,0,0,0,0,0,0,0,0,0,0,0,0,0,0,0,0,0,0,0,0,0,0,0,0,0,0,0
0.001310777,0.014163202,0.000304237,-0.002782176,-0.008964931,-0.017789206,-0.025417668,0.007817842,-0.007936498,-0.019333288,0.002347769,-0.005526842,-0.018330708,,,0,0,0,0,0,0,0,0,0,0,0,0,0,0,0,0,0,0,0,0,0,1,0,0,0,0,0,0,0,0,0,0,0,0,0,0,0,0,0,0,0
0.000760817,0.012832259,0.004910566,-0.008555592,-0.013808002,-0.028128996,-0.039623312,0.002775796,-0.004994837,-0.014761728,0.036670826,0.01066228,-0.022281937,,,0,0,0,0,0,0,0,0,0,0,0,0,0,0,0,0,0,0,0,0,0,1,0,0,0,0,0,0,0,0,0,0,0,0,0,0,0,0,0,0,0
0.00882638,0.004621031,-0.000470217,-0.020897395,-0.006646869,-0.014258902,-0.020622307,0.008465959,-0.010928958,-0.022875405,0.020561896,0.005510118,-0.004273858,,,0,0,0,0,0,0,0,0,0,0,0,0,0,0,0,0,0,0,0,0,0,0,0,0,0,0,0,0,0,1,0,0,0,0,0,0,0,0,0,0,0
0.008048298,-0.006246345,-0.010654841,-0.035792241,0.001356417,-0.008622033,-0.018742422,0.005931582,-0.004922263,-0.009385095,5.32398E-05,-0.01292269,-0.021927508,,,0,0,0,0,0,0,0,0,0,0,0,0,0,0,0,0,0,0,0,0,0,0,0,0,0,0,0,0,1,0,0,0,0,0,0,0,0,0,0,0,0
-0.003556886,0.001797874,0.001304642,-0.011697946,-0.010916426,-0.017112766,-0.026957681,0.0193918,0.001223646,-0.007691861,0.020652762,0.007458396,0.004718451,,,0,0,0,0,0,0,0,0,0,0,0,0,0,0,0,0,1,0,0,0,0,0,0,0,0,0,0,0,0,0,0,0,0,0,0,0,0,0,0,0,0
0.018206497,0.021470568,0.001012328,-0.015119645,0.013979999,0.005014649,-0.004546106,0.00239983,-0.001771577,-0.004399652,0.004097267,-0.009386767,-0.022104303,,,0,0,0,0,0,0,0,0,0,0,0,0,0,0,0,0,0,0,0,0,0,0,0,0,0,0,0,0,0,0,0,0,0,0,0,0,0,0,1,0,0
0.014277916,0.001283357,-0.007915377,-0.019040532,0.002325259,-0.004606685,-0.008540583,0.007265682,0.003037666,-0.001353865,0.016075771,0.012948215,0.006057233,,,0,0,0,0,0,0,0,0,0,0,0,0,0,0,0,0,0,0,0,0,0,0,0,0,0,0,0,0,0,0,0,0,0,0,1,0,0,0,0,0,0
0.002008356,-0.00258093,-0.010603629,-0.018842594,0.010620757,-0.005846279,-0.015083228,-0.009337671,-0.022169315,-0.032712051,0.020201131,0.009503689,0.004754675,,,0,0,0,0,0,0,0,0,0,0,0,0,0,0,0,0,0,0,0,0,0,0,1,0,0,0,0,0,0,0,0,0,0,0,0,0,0,0,0,0,0
0.01898182,0.003361424,-0.002133207,-0.010910797,0.030101724,0.018174492,0.000853939,0.010264579,-0.004205767,-0.013193511,0.008010511,-0.007341592,-0.022389002,,,0,0,0,0,0,0,0,0,0,0,0,0,0,0,0,0,0,0,0,0,0,0,0,0,0,0,0,0,0,0,0,0,0,0,0,0,0,0,0,1,0
0.001268192,0.006727858,-0.002442732,-0.015351099,0.031517248,0.0242149,0.018193039,0.019373607,0.013854985,0.008258118,0.004276878,-0.00056427,-0.012650308,,,0,0,0,0,0,0,0,0,0,0,0,0,0,0,0,0,0,0,0,0,0,1,0,0,0,0,0,0,0,0,0,0,0,0,0,0,0,0,0,0,0
-0.025869737,0.018434823,-0.004504867,-0.016302356,0.019467347,0.007200927,-0.002593878,0.002634251,-0.004109234,-0.015657534,0.006963428,-0.000271531,-0.004405066,,,1,0,0,0,0,0,0,0,0,0,0,0,0,0,0,0,0,0,0,0,0,0,0,0,0,0,0,0,0,0,0,0,0,0,0,0,0,0,0,0,0
-0.000429952,0.023991677,0.014656623,0.001574711,0.0277407,-0.000450258,-0.024149433,0.002113984,-0.002617107,-0.016011675,0.02073448,0.012095499,0.002118115,,,0,0,0,0,0,0,0,0,0,0,0,0,0,0,0,0,0,0,0,0,1,0,0,0,0,0,0,0,0,0,0,0,0,0,0,0,0,0,0,0,0
-0.003331075,0.012447009,-0.001732078,-0.016456598,0.007650414,-0.006180281,-0.018606682,0.001570679,-0.001525809,-0.002951504,0.015458313,0.003080806,-0.006739187,,,0,0,0,0,0,0,0,0,0,0,0,0,0,0,0,0,0,1,0,0,0,0,0,0,0,0,0,0,0,0,0,0,0,0,0,0,0,0,0,0,0
-0.0020142,0.014643021,0.002299845,-0.005935366,-0.001368708,-0.010189733,-0.019063065,0.006845149,-0.003896266,-0.014537568,0.023414765,0.013175018,0.006023319,,,0,0,0,0,0,0,0,0,0,0,0,0,0,0,0,0,0,0,1,0,0,0,0,0,0,0,0,0,0,0,0,0,0,0,0,0,0,0,0,0,0
-0.012337143,-0.001136924,-0.014254413,-0.028886852,0.006718469,0.002854107,-0.004034303,0.003867871,-0.000270446,-0.010901308,0.012001844,0.006205378,-0.008243026,,,0,0,0,0,0,0,0,0,1,0,0,0,0,0,0,0,0,0,0,0,0,0,0,0,0,0,0,0,0,0,0,0,0,0,0,0,0,0,0,0,0
0.004594134,0.029248911,0.019513264,0.011287356,-0.011555423,-0.010278484,-0.016412734,0.007256846,-0.004243702,-0.018637806,0.018760793,0.010606322,-0.000129731,,,0,0,0,0,0,0,0,0,0,0,0,0,0,0,0,0,0,0,0,0,0,0,0,0,0,1,0,0,0,0,0,0,0,0,0,0,0,0,0,0,0
-0.016222623,0.005034699,-0.003817366,-0.012908751,-0.010815795,-0.018280516,-0.025866027,0.005601782,-0.005733668,-0.018901658,0.017553603,0.003317364,-0.010169369,,,0,0,0,0,1,0,0,0,0,0,0,0,0,0,0,0,0,0,0,0,0,0,0,0,0,0,0,0,0,0,0,0,0,0,0,0,0,0,0,0,0
-0.002527456,-0.005867239,-0.019154458,-0.033192851,-0.000838267,-0.006002044,-0.012359031,0.013078067,0.002873428,-0.002447432,0.026874197,0.011336609,0.000479594,,,0,0,0,0,0,0,0,0,0,0,0,0,0,0,0,0,0,1,0,0,0,0,0,0,0,0,0,0,0,0,0,0,0,0,0,0,0,0,0,0,0
0.008714067,-0.001021227,-0.009739466,-0.023283316,-0.001045999,-0.005824992,-0.014641574,0.011073271,0.008965847,0.000678964,0.02214074,0.005746255,-0.005226814,,,0,0,0,0,0,0,0,0,0,0,0,0,0,0,0,0,0,0,0,0,0,0,0,0,0,0,0,0,0,1,0,0,0,0,0,0,0,0,0,0,0
0.012808268,-0.009732747,-0.014879966,-0.024838209,-0.00405899,-0.010003635,-0.027669416,0.019995162,0.013486954,0.002630436,-0.005955406,-0.009957549,-0.02491291,,,0,0,0,0,0,0,0,0,0,0,0,0,0,0,0,0,0,0,0,0,0,0,0,0,0,0,0,0,0,0,0,0,0,1,0,0,0,0,0,0,0
-0.004059682,0.02620787,0.019170331,0.015435423,-0.011222098,-0.02032972,-0.03169086,0.007326244,9.17945E-05,-0.010038867,0.023653818,0.01508764,0.00401685,,,0,0,0,0,0,0,0,0,0,0,0,0,0,0,0,0,1,0,0,0,0,0,0,0,0,0,0,0,0,0,0,0,0,0,0,0,0,0,0,0,0
0.00451565,0.003644921,-0.001754319,-0.012635284,0.000295303,-0.011181841,-0.022578834,0.012661019,0.000977547,-0.003604619,0.007726107,0.002768664,-0.001590224,,,0,0,0,0,0,0,0,0,0,0,0,0,0,0,0,0,0,0,0,0,0,0,0,0,0,1,0,0,0,0,0,0,0,0,0,0,0,0,0,0,0
0.005303783,-0.014459435,-0.01894615,-0.037802275,0.031923194,0.029138581,0.011146223,0.018184441,-0.00481458,-0.01397917,0.01654472,0.007638329,-0.004077959,,,0,0,0,0,0,0,0,0,0,0,0,0,0,0,0,0,0,0,0,0,0,0,0,0,0,1,0,0,0,0,0,0,0,0,0,0,0,0,0,0,0
-0.013931276,0.005891252,-0.001678918,-0.008231125,0.024103191,0.00720701,-0.007061011,0.017209881,0.00101916,-0.012756108,0.003729291,-0.001499364,-0.008528828,,,0,0,0,0,0,0,1,0,0,0,0,0,0,0,0,0,0,0,0,0,0,0,0,0,0,0,0,0,0,0,0,0,0,0,0,0,0,0,0,0,0
0.024895718,0.014069344,-0.000161574,-0.013317888,0.007648793,-0.001947928,-0.002625542,-0.001059407,-0.013226858,-0.012967987,0.003120828,0.001182675,-0.003938292,,,0,0,0,0,0,0,0,0,0,0,0,0,0,0,0,0,0,0,0,0,0,0,0,0,0,0,0,0,0,0,0,0,0,0,0,0,0,0,0,0,1
-0.015378503,0.022242545,-0.003266686,-0.018860753,-0.016171942,-0.031274039,-0.039676208,0.017791325,0.000275244,-0.00765913,0.010636237,0.005193863,-0.005253859,,,0,0,0,0,0,1,0,0,0,0,0,0,0,0,0,0,0,0,0,0,0,0,0,0,0,0,0,0,0,0,0,0,0,0,0,0,0,0,0,0,0
0.001200193,0.022532925,-0.013189771,-0.052162395,0.004767498,-0.031416031,-0.04738036,0.005571864,-0.000595088,-0.010057497,0.003401259,-0.000201347,-0.006770152,,,0,0,0,0,0,0,0,0,0,0,0,0,0,0,0,0,0,0,0,0,0,1,0,0,0,0,0,0,0,0,0,0,0,0,0,0,0,0,0,0,0
0.01820959,0.036912071,0.020994987,-0.004593091,0.01674312,-0.002313483,-0.016313372,0.005182406,-0.005904451,-0.009739864,-0.002568439,-0.00837779,-0.019295754,,,0,0,0,0,0,0,0,0,0,0,0,0,0,0,0,0,0,0,0,0,0,0,0,0,0,0,0,0,0,0,0,0,0,0,0,0,0,0,1,0,0
-0.029859473,0.045223434,0.022581719,-0.005707322,0.01990268,-0.014121635,-0.026624053,0.006559021,-0.004152104,-0.012432768,0.010911188,0.0005113,-0.012164608,,,1,0,0,0,0,0,0,0,0,0,0,0,0,0,0,0,0,0,0,0,0,0,0,0,0,0,0,0,0,0,0,0,0,0,0,0,0,0,0,0,0
-0.008380997,0.060162619,0.006299911,-0.019237558,0.00666463,-0.016394151,-0.029270681,0.015994286,0.002014596,-0.00113292,0.003090973,-0.00820382,-0.024450152,,,0,0,0,0,0,0,0,0,0,0,0,0,1,0,0,0,0,0,0,0,0,0,0,0,0,0,0,0,0,0,0,0,0,0,0,0,0,0,0,0,0
0.000644501,-0.004722828,-0.021321827,-0.041090721,0.011279957,-0.009109499,-0.016735378,0.033121492,0.020760829,0.00661817,0.014259024,0.011301304,4.46366E-05,,,0,0,0,0,0,0,0,0,0,0,0,0,0,0,0,0,0,0,0,0,0,1,0,0,0,0,0,0,0,0,0,0,0,0,0,0,0,0,0,0,0
0.024124065,-0.009933639,-0.036957016,-0.059767136,0.025559087,0.006501114,-0.003622326,0.012207298,-0.000853812,-0.025216587,-0.017824179,-0.023653749,-0.026481917,,,0,0,0,0,0,0,0,0,0,0,0,0,0,0,0,0,0,0,0,0,0,0,0,0,0,0,0,0,0,0,0,0,0,0,0,0,0,0,0,0,1
0.038533767,0.036283013,0.003797229,-0.013662712,0.070570696,0.054023171,0.048068956,0.054219686,0.024755639,-0.002638252,-0.009440584,-0.017677059,-0.034300381,,,0,0,0,0,0,0,0,0,0,0,0,0,0,0,0,0,0,0,0,0,0,0,0,0,0,0,0,0,0,0,0,0,0,0,0,0,0,0,0,0,1
-0.013551977,0.03692255,0.022250007,0.001073283,0.061151816,0.045728178,0.029701838,-0.005033182,-0.012330263,-0.017234399,0.023411175,0.008369811,-0.005234243,,,0,0,0,0,0,0,1,0,0,0,0,0,0,0,0,0,0,0,0,0,0,0,0,0,0,0,0,0,0,0,0,0,0,0,0,0,0,0,0,0,0
-0.039947726,0.016724236,0.008656782,-0.002692025,0.049449527,0.029810025,0.016106811,-0.012589374,-0.014697334,-0.025277636,0.015245213,0.007626951,0.00114408,,,1,0,0,0,0,0,0,0,0,0,0,0,0,0,0,0,0,0,0,0,0,0,0,0,0,0,0,0,0,0,0,0,0,0,0,0,0,0,0,0,0
-0.032185478,-0.001952429,-0.005118558,-0.017277971,0.005473125,0.000996765,-0.00679036,0.004220108,-0.009916645,-0.014744553,0.006492435,0.001631366,-0.007066441,,,1,0,0,0,0,0,0,0,0,0,0,0,0,0,0,0,0,0,0,0,0,0,0,0,0,0,0,0,0,0,0,0,0,0,0,0,0,0,0,0,0
-0.021225657,0.017513855,0.008165009,-0.003481709,-0.007826043,-0.009309358,-0.018081565,0.028368651,0.017856023,0.016880167,-0.007169902,-0.011553502,-0.019903251,,,1,0,0,0,0,0,0,0,0,0,0,0,0,0,0,0,0,0,0,0,0,0,0,0,0,0,0,0,0,0,0,0,0,0,0,0,0,0,0,0,0
-0.008243382,0.013927529,0.00147459,-0.004126589,0.015305084,0.007865803,0.001558848,-0.002467184,-0.011077825,-0.017593431,0.01830434,0.013029406,0.007645386,,,0,0,0,0,0,0,0,0,0,0,0,0,1,0,0,0,0,0,0,0,0,0,0,0,0,0,0,0,0,0,0,0,0,0,0,0,0,0,0,0,0
-0.002592045,0.00954289,-0.000735408,-0.005533295,0.011940458,0.000363164,-0.020847646,0.003044512,-0.001101436,-0.011809751,0.017779616,0.010945527,0.000745673,,,0,0,0,0,0,0,0,0,0,0,0,0,0,0,0,0,0,1,0,0,0,0,0,0,0,0,0,0,0,0,0,0,0,0,0,0,0,0,0,0,0
0.005237503,-0.010024153,-0.011770926,-0.019371367,0.013025154,-0.004355016,-0.015927812,0.011373883,0.002305737,-0.005095747,-0.004001552,-0.014749796,-0.025035193,,,0,0,0,0,0,0,0,0,0,0,0,0,0,0,0,0,0,0,0,0,0,0,0,0,0,1,0,0,0,0,0,0,0,0,0,0,0,0,0,0,0
0.00394231,0.006606868,0.005963734,-0.000887262,0.013477164,0.008359679,0.002162036,-0.000314684,-0.007580023,-0.015699902,0.005034215,-0.003513481,-0.012555749,,,0,0,0,0,0,0,0,0,0,0,0,0,0,0,0,0,0,0,0,0,0,0,0,0,1,0,0,0,0,0,0,0,0,0,0,0,0,0,0,0,0
-0.00123986,0.015912862,0.006163526,0.001210473,0.013148372,0.007214202,0.001947779,0.0050962,-0.008198073,-0.017593967,0.00068627,-0.001046645,-0.006873324,,,0,0,0,0,0,0,0,0,0,0,0,0,0,0,0,0,0,0,0,1,0,0,0,0,0,0,0,0,0,0,0,0,0,0,0,0,0,0,0,0,0
0.000985621,0.009649424,0.001940899,-0.006365074,0.018061599,0.005760369,0.002411678,0.005693398,0.003600613,-0.003614041,0.002290764,-0.000106769,-0.009859599,,,0,0,0,0,0,0,0,0,0,0,0,0,0,0,0,0,0,0,0,0,0,1,0,0,0,0,0,0,0,0,0,0,0,0,0,0,0,0,0,0,0
-0.009553975,0.000655375,-0.006761382,-0.017782578,0.008304721,-0.002318789,-0.015244091,0.004924755,-0.004351632,-0.015253049,0.007148579,-0.008098812,-0.022839668,,,0,0,0,0,0,0,0,0,0,0,1,0,0,0,0,0,0,0,0,0,0,0,0,0,0,0,0,0,0,0,0,0,0,0,0,0,0,0,0,0,0
0.012785334,0.002946582,-0.00038793,-0.002616927,0.015285802,0.00811112,0.002011205,-0.004002111,-0.006424777,-0.011032422,0.02538616,0.005740472,-0.00157725,,,0,0,0,0,0,0,0,0,0,0,0,0,0,0,0,0,0,0,0,0,0,0,0,0,0,0,0,0,0,0,0,0,0,1,0,0,0,0,0,0,0
-0.002841887,0.013859531,0.003823269,-0.00139851,0.005815144,-0.0018887,-0.012694779,0.008685587,-0.002421947,-0.009102856,0.010675468,0.000390687,-0.016276557,,,0,0,0,0,0,0,0,0,0,0,0,0,0,0,0,0,0,1,0,0,0,0,0,0,0,0,0,0,0,0,0,0,0,0,0,0,0,0,0,0,0
-0.007738596,0.000705153,0.002651925,-0.011342798,0.003430849,-0.003038817,-0.012250793,0.008068269,-0.000870387,-0.002037061,0.01825956,0.006676905,0.000991881,,,0,0,0,0,0,0,0,0,0,0,0,0,1,0,0,0,0,0,0,0,0,0,0,0,0,0,0,0,0,0,0,0,0,0,0,0,0,0,0,0,0
0.003147047,0.000216082,-0.003462385,-0.009302261,0.009071627,-0.003428253,-0.018064568,0.011447872,0.001580646,-0.012688555,0.000868535,-0.006872948,-0.01577212,,,0,0,0,0,0,0,0,0,0,0,0,0,0,0,0,0,0,0,0,0,0,0,0,1,0,0,0,0,0,0,0,0,0,0,0,0,0,0,0,0,0
-0.002215569,0.021563119,0.005655774,-0.014065167,0.00922334,0.00282698,-0.006744116,0.010118767,-0.001623592,-0.012976695,0.005015639,-0.001727176,-0.005987762,,,0,0,0,0,0,0,0,0,0,0,0,0,0,0,0,0,0,0,1,0,0,0,0,0,0,0,0,0,0,0,0,0,0,0,0,0,0,0,0,0,0
-0.002723654,0.016794915,0.012382154,-0.003996755,0.010731556,0.004024968,-0.009771335,-0.003578892,-0.009974065,-0.012905687,0.0067623,-0.004565294,-0.007606369,,,0,0,0,0,0,0,0,0,0,0,0,0,0,0,0,0,0,1,0,0,0,0,0,0,0,0,0,0,0,0,0,0,0,0,0,0,0,0,0,0,0
-0.002237419,0.012854639,0.001683532,-0.008744784,0.007077705,-0.000503136,-0.005174801,0.008068295,-0.002139316,-0.021090769,0.017017606,0.007396898,0.002590634,,,0,0,0,0,0,0,0,0,0,0,0,0,0,0,0,0,0,0,1,0,0,0,0,0,0,0,0,0,0,0,0,0,0,0,0,0,0,0,0,0,0
6.42764E-05,-0.006980669,-0.011307138,-0.017438934,0.007701434,0.000875644,-0.008834508,0.011601092,0.004571385,-0.009853331,0.005715,0.001425809,-0.005189773,,,0,0,0,0,0,0,0,0,0,0,0,0,0,0,0,0,0,0,0,0,1,0,0,0,0,0,0,0,0,0,0,0,0,0,0,0,0,0,0,0,0
0.0073354,0.008413117,-0.001648235,-0.0215531,0.002607579,-0.002177605,-0.007529691,0.007544962,0.000222611,-0.005322345,0.011508543,0.001360311,-0.003084651,,,0,0,0,0,0,0,0,0,0,0,0,0,0,0,0,0,0,0,0,0,0,0,0,0,0,0,0,1,0,0,0,0,0,0,0,0,0,0,0,0,0
0.012367108,0.011149432,0.003390955,-0.004339787,0.02393954,0.012699157,-0.004928951,0.012555588,0.006435398,-0.006410599,0.001565346,-0.004709609,-0.019782546,,,0,0,0,0,0,0,0,0,0,0,0,0,0,0,0,0,0,0,0,0,0,0,0,0,0,0,0,0,0,0,0,0,1,0,0,0,0,0,0,0,0
-0.005751002,0.010323748,0.003199452,-0.006679757,0.019252045,0.010780149,-0.002462325,0.003533304,-0.006732841,-0.010506361,0.011371602,0.0058482,-0.00087197,,,0,0,0,0,0,0,0,0,0,0,0,0,0,0,1,0,0,0,0,0,0,0,0,0,0,0,0,0,0,0,0,0,0,0,0,0,0,0,0,0,0
-0.010708589,-0.001178249,-0.001912389,-0.005113421,0.019190838,0.007818531,0.005260353,0.011415833,0.00459559,-0.004054404,-0.000846666,-0.004650924,-0.009816673,,,0,0,0,0,0,0,0,0,0,1,0,0,0,0,0,0,0,0,0,0,0,0,0,0,0,0,0,0,0,0,0,0,0,0,0,0,0,0,0,0,0
-0.00565162,-0.000235349,-0.007142356,-0.019089487,0.014155404,0.006254607,-0.008931781,0.001321855,-0.005346191,-0.01232841,0.005968405,-0.001552258,-0.011125368,,,0,0,0,0,0,0,0,0,0,0,0,0,0,0,1,0,0,0,0,0,0,0,0,0,0,0,0,0,0,0,0,0,0,0,0,0,0,0,0,0,0
-0.002353801,0.022226074,0.017454133,0.009513581,-0.001607558,-0.010034545,-0.016833904,0.008521721,-0.000715754,-0.008686209,0.02647891,0.020772874,0.007949039,,,0,0,0,0,0,0,0,0,0,0,0,0,0,0,0,0,0,0,1,0,0,0,0,0,0,0,0,0,0,0,0,0,0,0,0,0,0,0,0,0,0
-0.004232229,0.017218838,0.003357139,-0.004839977,-0.005723683,-0.008077654,-0.018657671,0.005669809,-0.004315595,-0.00898542,0.039400494,0.021893376,0.007758541,,,0,0,0,0,0,0,0,0,0,0,0,0,0,0,0,0,1,0,0,0,0,0,0,0,0,0,0,0,0,0,0,0,0,0,0,0,0,0,0,0,0
0.000806914,0.009564875,-0.0035513,-0.00541936,-0.004650141,-0.007967588,-0.011844026,0.00500673,-0.002073122,-0.006631274,0.001045385,-0.014036151,-0.028548058,,,0,0,0,0,0,0,0,0,0,0,0,0,0,0,0,0,0,0,0,0,0,1,0,0,0,0,0,0,0,0,0,0,0,0,0,0,0,0,0,0,0
0.001141631,0.009094957,-0.000958689,-0.011714988,-0.004104128,-0.013137738,-0.020059487,0.024702417,0.013018687,0.00474176,0.009590735,-0.005616547,-0.016597626,,,0,0,0,0,0,0,0,0,0,0,0,0,0,0,0,0,0,0,0,0,0,1,0,0,0,0,0,0,0,0,0,0,0,0,0,0,0,0,0,0,0
0.008027465,0.013466098,0.001509705,-0.016802559,0.006189332,0.000942331,-0.005541327,0.019340545,0.004400754,-0.007002975,0.008230891,-0.00704597,-0.016041579,,,0,0,0,0,0,0,0,0,0,0,0,0,0,0,0,0,0,0,0,0,0,0,0,0,0,0,0,0,1,0,0,0,0,0,0,0,0,0,0,0,0
-0.000699255,0.006831089,0.001412568,-0.000596198,0.008828402,-0.001770035,-0.012058842,-0.002961395,-0.012371883,-0.019056274,0.032706436,0.019276082,0.006744425,,,0,0,0,0,0,0,0,0,0,0,0,0,0,0,0,0,0,0,0,1,0,0,0,0,0,0,0,0,0,0,0,0,0,0,0,0,0,0,0,0,0
0.004481874,-0.003906655,-0.012102539,-0.020423697,-0.007319645,-0.015569552,-0.026940675,0.004069555,0.00045,-0.008616284,0.01208531,-0.001142181,-0.014562643,,,0,0,0,0,0,0,0,0,0,0,0,0,0,0,0,0,0,0,0,0,0,0,0,0,1,0,0,0,0,0,0,0,0,0,0,0,0,0,0,0,0
0.011058036,0.009256868,0.000454053,-0.016684311,-0.000957874,-0.008278117,-0.013044465,0.016672064,0.007018027,-0.007255114,0.005607595,0.003208517,-0.008842927,,,0,0,0,0,0,0,0,0,0,0,0,0,0,0,0,0,0,0,0,0,0,0,0,0,0,0,0,0,0,0,0,1,0,0,0,0,0,0,0,0,0
0.012319858,0.000468214,-0.007341621,-0.012028241,0.011187722,0.003089245,-0.006192978,0.017490048,0.005836679,-0.002713428,-0.003727199,-0.011613339,-0.022994246,,,0,0,0,0,0,0,0,0,0,0,0,0,0,0,0,0,0,0,0,0,0,0,0,0,0,0,0,0,0,0,0,0,1,0,0,0,0,0,0,0,0
0.002296231,0.008337929,-0.003661311,-0.004687749,0.009663095,0.003491868,-0.002471168,0.008715919,-0.002893122,-0.010930458,0.015195758,0.010622667,0.006107751,,,0,0,0,0,0,0,0,0,0,0,0,0,0,0,0,0,0,0,0,0,0,0,1,0,0,0,0,0,0,0,0,0,0,0,0,0,0,0,0,0,0
-0.016717036,0.003545378,-0.001079314,-0.008588186,0.004049895,-0.002328467,-0.009432539,-0.002453499,-0.006287768,-0.00990002,-0.001797697,-0.009455089,-0.024352099,,,0,0,0,1,0,0,0,0,0,0,0,0,0,0,0,0,0,0,0,0,0,0,0,0,0,0,0,0,0,0,0,0,0,0,0,0,0,0,0,0,0
0.006103528,0.010763542,0.003085637,-0.011606468,0.014795523,0.005860042,-0.005140015,0.000897225,-0.001560494,-0.006021986,0.010081711,-0.001602633,-0.009219619,,,0,0,0,0,0,0,0,0,0,0,0,0,0,0,0,0,0,0,0,0,0,0,0,0,0,0,1,0,0,0,0,0,0,0,0,0,0,0,0,0,0
-0.003831134,-0.000984156,-0.007721453,-0.014259319,0.004364,-0.003422364,-0.017040467,0.012617971,0.010032529,0.005631551,0.003115421,-0.010310744,-0.018601711,,,0,0,0,0,0,0,0,0,0,0,0,0,0,0,0,0,1,0,0,0,0,0,0,0,0,0,0,0,0,0,0,0,0,0,0,0,0,0,0,0,0
-0.000272141,0.003711302,-0.004448334,-0.012758093,0.017162708,0.004496435,-0.000151187,0.01397738,0.005005576,-0.002039633,0.013398496,0.011372319,0.000785413,,,0,0,0,0,0,0,0,0,0,0,0,0,0,0,0,0,0,0,0,0,1,0,0,0,0,0,0,0,0,0,0,0,0,0,0,0,0,0,0,0,0
0.006954601,0.018790969,0.003886972,-0.003509403,0.021784968,0.008162055,-0.000901647,0.00314472,-0.005284001,-0.009548971,-0.003516364,-0.008156258,-0.020950484,,,0,0,0,0,0,0,0,0,0,0,0,0,0,0,0,0,0,0,0,0,0,0,0,0,0,0,0,1,0,0,0,0,0,0,0,0,0,0,0,0,0
0.002691811,0.013108662,0.001202806,-0.005363153,0.018418917,0.011424489,0.000545847,-0.001189357,-0.010193084,-0.016515017,0.013659151,0.002862035,-0.002325462,,,0,0,0,0,0,0,0,0,0,0,0,0,0,0,0,0,0,0,0,0,0,0,0,1,0,0,0,0,0,0,0,0,0,0,0,0,0,0,0,0,0
-0.020988094,0.005575624,-0.002087384,-0.010400215,0.000399017,-0.007474503,-0.01791565,0.001685604,-0.01083573,-0.018067006,0.022938843,0.016233662,0.009522827,,,1,0,0,0,0,0,0,0,0,0,0,0,0,0,0,0,0,0,0,0,0,0,0,0,0,0,0,0,0,0,0,0,0,0,0,0,0,0,0,0,0
-0.000354217,0.018679367,0.00656817,-0.005709169,-0.003727479,-0.011076939,-0.020097012,0.020529926,0.011175258,-0.001119001,-0.00144538,-0.003856688,-0.010821107,,,0,0,0,0,0,0,0,0,0,0,0,0,0,0,0,0,0,0,0,0,1,0,0,0,0,0,0,0,0,0,0,0,0,0,0,0,0,0,0,0,0
-0.002940784,0.009491162,-9.67993E-05,-0.008025027,-0.002355512,-0.008550954,-0.020296744,-0.007548286,-0.014704383,-0.02321261,0.025595266,0.018401404,0.009664499,,,0,0,0,0,0,0,0,0,0,0,0,0,0,0,0,0,0,1,0,0,0,0,0,0,0,0,0,0,0,0,0,0,0,0,0,0,0,0,0,0,0
-0.007336734,0.002487009,-0.004222368,-0.00999778,0.00174289,-0.00477307,-0.016844236,-0.000852644,-0.007554764,-0.012620176,0.00408208,-0.000349113,-0.010551309,,,0,0,0,0,0,0,0,0,0,0,0,0,0,1,0,0,0,0,0,0,0,0,0,0,0,0,0,0,0,0,0,0,0,0,0,0,0,0,0,0,0
0.00067162,-0.000278727,-0.00568045,-0.011426368,0.000283503,-0.012052629,-0.03245227,0.017132995,0.012180229,0.006270842,0.011235722,0.005313979,0.002973474,,,0,0,0,0,0,0,0,0,0,0,0,0,0,0,0,0,0,0,0,0,0,1,0,0,0,0,0,0,0,0,0,0,0,0,0,0,0,0,0,0,0
0.006117359,0.01753776,0.006990426,-0.008307625,0.002012437,-0.004033567,-0.002664295,0.009888839,0.003103995,-0.006415503,0.01411437,0.005772681,-0.001654577,,,0,0,0,0,0,0,0,0,0,0,0,0,0,0,0,0,0,0,0,0,0,0,0,0,0,0,1,0,0,0,0,0,0,0,0,0,0,0,0,0,0
-0.005277614,0.012201168,0.003557537,-0.00131899,-0.003634667,-0.009949681,-0.013612167,0.006716187,0.005343338,0.002567433,0.009816264,-0.004619885,-0.021537237,,,0,0,0,0,0,0,0,0,0,0,0,0,0,0,0,1,0,0,0,0,0,0,0,0,0,0,0,0,0,0,0,0,0,0,0,0,0,0,0,0,0
0.009903402,0.004809104,-0.005946783,-0.012434782,0.006261956,-0.005385978,-0.011265875,0.008444958,0.002700436,-0.002161024,0.018936072,0.006654174,-0.00722811,,,0,0,0,0,0,0,0,0,0,0,0,0,0,0,0,0,0,0,0,0,0,0,0,0,0,0,0,0,0,0,1,0,0,0,0,0,0,0,0,0,0
0.002014105,0.003804424,-0.007072548,-0.016978437,0.007830715,0.001582626,-0.004122457,0.006457711,-0.003057051,-0.009997167,0.012273377,0.006498756,-0.00261212,,,0,0,0,0,0,0,0,0,0,0,0,0,0,0,0,0,0,0,0,0,0,0,1,0,0,0,0,0,0,0,0,0,0,0,0,0,0,0,0,0,0
0.005714062,0.01317471,0.001465403,-0.005958881,0.006989999,0.00518521,0.001527745,0.011498853,0.000408761,-0.006564178,0.006857252,0.003284882,-0.005795652,,,0,0,0,0,0,0,0,0,0,0,0,0,0,0,0,0,0,0,0,0,0,0,0,0,0,0,1,0,0,0,0,0,0,0,0,0,0,0,0,0,0
-0.004594261,0.007376206,0.00120828,-0.006003481,0.019039785,0.011725584,0.005601586,0.011076921,0.001042121,-0.015308224,-0.002246249,-0.009698776,-0.013747916,,,0,0,0,0,0,0,0,0,0,0,0,0,0,0,0,1,0,0,0,0,0,0,0,0,0,0,0,0,0,0,0,0,0,0,0,0,0,0,0,0,0
-0.006975883,0.012564018,-0.000411995,-0.010146201,0.011193356,-0.000576204,-0.020166054,0.010496383,0.006250803,-0.000209734,0.008924501,0.00108217,-0.00890984,,,0,0,0,0,0,0,0,0,0,0,0,0,0,1,0,0,0,0,0,0,0,0,0,0,0,0,0,0,0,0,0,0,0,0,0,0,0,0,0,0,0
0.001773416,0.012630699,-0.00161649,-0.005362689,0.003028896,-0.002786235,-0.005845232,0.00196374,0.000823858,-0.005599257,0.004387136,-0.003838728,-0.013214145,,,0,0,0,0,0,0,0,0,0,0,0,0,0,0,0,0,0,0,0,0,0,0,1,0,0,0,0,0,0,0,0,0,0,0,0,0,0,0,0,0,0
0.012026369,-0.000801137,-0.010104053,-0.019335081,0.008493721,0.005375109,-0.001976213,0.017823342,0.009801682,0.000502233,0.013560911,0.005660394,1.3495E-05,,,0,0,0,0,0,0,0,0,0,0,0,0,0,0,0,0,0,0,0,0,0,0,0,0,0,0,0,0,0,0,0,0,1,0,0,0,0,0,0,0,0
0.000454191,0.007947623,0.002583298,-0.004151566,0.007403501,-0.001837926,-0.003099728,0.014305343,0.002374285,-0.008043632,0.029135496,0.011779343,-0.000458371,,,0,0,0,0,0,0,0,0,0,0,0,0,0,0,0,0,0,0,0,0,1,0,0,0,0,0,0,0,0,0,0,0,0,0,0,0,0,0,0,0,0
-0.006453576,0.00678571,0.000373885,-0.005556665,0.003493712,0.001382543,-0.007861025,0.009505744,-0.008559518,-0.021165532,0.022529934,0.004011497,-0.008415266,,,0,0,0,0,0,0,0,0,0,0,0,0,0,0,1,0,0,0,0,0,0,0,0,0,0,0,0,0,0,0,0,0,0,0,0,0,0,0,0,0,0
-0.001400985,0.014508374,0.00469907,-0.00339384,0.018812877,0.00828328,-0.004947251,0.008039673,-0.000825193,-0.004636608,0.01653687,-0.003341129,-0.011940324,,,0,0,0,0,0,0,0,0,0,0,0,0,0,0,0,0,0,0,0,1,0,0,0,0,0,0,0,0,0,0,0,0,0,0,0,0,0,0,0,0,0
-0.008613914,0.001273092,-0.005533491,-0.00944723,0.006724822,0.005123904,-0.003582624,0.013037374,0.00812832,4.73505E-05,0.017751119,0.000341116,-0.010720628,,,0,0,0,0,0,0,0,0,0,0,0,1,0,0,0,0,0,0,0,0,0,0,0,0,0,0,0,0,0,0,0,0,0,0,0,0,0,0,0,0,0
0.002153127,0.006762807,-0.000249901,-0.004516175,0.013346025,0.008173411,0.001026166,0.002662281,-0.003589085,-0.009992622,0.024941955,0.007529144,-0.003534385,,,0,0,0,0,0,0,0,0,0,0,0,0,0,0,0,0,0,0,0,0,0,0,1,0,0,0,0,0,0,0,0,0,0,0,0,0,0,0,0,0,0
-0.000973031,0.012081402,0.006093673,0.001495744,0.013897846,0.006712106,0.000550312,0.002495315,-0.001395796,-0.007409553,0.009608164,-0.008399165,-0.018866768,,,0,0,0,0,0,0,0,0,0,0,0,0,0,0,0,0,0,0,0,1,0,0,0,0,0,0,0,0,0,0,0,0,0,0,0,0,0,0,0,0,0
0.002093807,0.010842385,0.004980769,-0.002679548,0.005708221,0.002189207,-0.00416516,0.009825391,-0.01579276,-0.034444216,0.032835456,0.014161309,0.004356648,,,0,0,0,0,0,0,0,0,0,0,0,0,0,0,0,0,0,0,0,0,0,0,1,0,0,0,0,0,0,0,0,0,0,0,0,0,0,0,0,0,0
-0.006296817,-0.002426803,-0.006798995,-0.013515223,0.00773032,0.00411692,-0.004165013,0.003634775,-0.005210671,-0.013267156,0.029485406,0.008536494,-0.001450542,,,0,0,0,0,0,0,0,0,0,0,0,0,0,0,1,0,0,0,0,0,0,0,0,0,0,0,0,0,0,0,0,0,0,0,0,0,0,0,0,0,0
-0.001231402,-0.00060232,-0.002022934,-0.013632975,0.00569979,-0.003668955,-0.01355434,0.014473658,0.005318682,-0.002784727,0.019931191,-0.001020984,-0.009923768,,,0,0,0,0,0,0,0,0,0,0,0,0,0,0,0,0,0,0,0,1,0,0,0,0,0,0,0,0,0,0,0,0,0,0,0,0,0,0,0,0,0
0.009168373,0.008069877,0.002544791,-0.000220254,0.004620718,-0.000730223,-0.009115655,0.001787228,-0.005952,-0.020400778,0.03788106,0.017727039,0.000717756,,,0,0,0,0,0,0,0,0,0,0,0,0,0,0,0,0,0,0,0,0,0,0,0,0,0,0,0,0,0,1,0,0,0,0,0,0,0,0,0,0,0
-0.010284046,0.008911263,0.004311758,4.44985E-05,-0.007076799,-0.017857135,-0.026785481,0.012243569,0.003966836,-0.011295855,2.99389E-05,-0.014358899,-0.029371627,,,0,0,0,0,0,0,0,0,0,0,1,0,0,0,0,0,0,0,0,0,0,0,0,0,0,0,0,0,0,0,0,0,0,0,0,0,0,0,0,0,0
-0.002199724,-0.000977065,-0.001195495,-0.005370149,0.007974632,-0.003197368,-0.011564336,0.020214378,0.011556805,0.003428909,0.006747394,-0.005326069,-0.011070015,,,0,0,0,0,0,0,0,0,0,0,0,0,0,0,0,0,0,0,1,0,0,0,0,0,0,0,0,0,0,0,0,0,0,0,0,0,0,0,0,0,0
0.002371776,-0.003567913,-0.004120279,-0.009554748,0.003509615,-0.003753466,-0.008484716,-0.011834356,-0.021078645,-0.029664125,0.0214422,0.015697943,0.006107408,,,0,0,0,0,0,0,0,0,0,0,0,0,0,0,0,0,0,0,0,0,0,0,1,0,0,0,0,0,0,0,0,0,0,0,0,0,0,0,0,0,0
-0.000894898,0.011294361,0.004384081,-0.002348928,0.000242166,-0.005867348,-0.016232241,0.001557643,-0.007085645,-0.015482771,0.004048375,-0.008387842,-0.015930921,,,0,0,0,0,0,0,0,0,0,0,0,0,0,0,0,0,0,0,0,1,0,0,0,0,0,0,0,0,0,0,0,0,0,0,0,0,0,0,0,0,0
-0.0006076,0.006651877,0.001031492,0.000841022,-0.007012002,-0.012519392,-0.018777701,0.001863892,-0.012564247,-0.026247319,0.021941206,0.01218447,0.00128803,,,0,0,0,0,0,0,0,0,0,0,0,0,0,0,0,0,0,0,0,1,0,0,0,0,0,0,0,0,0,0,0,0,0,0,0,0,0,0,0,0,0
0.003080465,0.004764595,0.000291334,-0.008607742,0.003905024,-0.0061977,-0.01539827,0.00625259,-0.00050365,-0.010395037,0.012481755,0.011442604,0.005710483,,,0,0,0,0,0,0,0,0,0,0,0,0,0,0,0,0,0,0,0,0,0,0,0,1,0,0,0,0,0,0,0,0,0,0,0,0,0,0,0,0,0
0.000804096,-0.0094549,-0.018500824,-0.023500951,0.012209682,0.004088692,-0.001157195,0.011932407,0.008074774,0.004606888,0.006554967,-0.000961315,-0.014137795,,,0,0,0,0,0,0,0,0,0,0,0,0,0,0,0,0,0,0,0,0,0,1,0,0,0,0,0,0,0,0,0,0,0,0,0,0,0,0,0,0,0
0.010773508,0.014159879,0.010136423,0.005868087,0.018067957,0.013788143,-0.000750215,0.002934453,-0.00178411,-0.007711955,0.005080298,-0.004975814,-0.014695328,,,0,0,0,0,0,0,0,0,0,0,0,0,0,0,0,0,0,0,0,0,0,0,0,0,0,0,0,0,0,0,0,1,0,0,0,0,0,0,0,0,0
-0.000269072,0.025538021,0.012217362,0.000632777,0.021410207,0.01748272,0.002191012,0.005233304,-0.004738411,-0.005132615,-0.014266162,-0.024317121,-0.035705506,,,0,0,0,0,0,0,0,0,0,0,0,0,0,0,0,0,0,0,0,0,1,0,0,0,0,0,0,0,0,0,0,0,0,0,0,0,0,0,0,0,0
-0.002916797,0.009696929,0.004753487,-0.005129574,0.018877553,0.007768034,-0.001118986,0.009028488,0.00052003,-0.008295111,-0.002881427,-0.012850471,-0.025345983,,,0,0,0,0,0,0,0,0,0,0,0,0,0,0,0,0,0,1,0,0,0,0,0,0,0,0,0,0,0,0,0,0,0,0,0,0,0,0,0,0,0
-0.005062875,0.000966042,-0.009290684,-0.015674596,0.012241877,-0.000730928,-0.011258103,-0.004678517,-0.009166728,-0.019844074,0.013937287,0.010176044,-0.000258423,,,0,0,0,0,0,0,0,0,0,0,0,0,0,0,0,1,0,0,0,0,0,0,0,0,0,0,0,0,0,0,0,0,0,0,0,0,0,0,0,0,0
0.013428996,0.001918304,-0.003321067,-0.01118933,0.015415681,0.008666779,0.00128807,0.017982399,0.01196487,0.00483077,-0.02103278,-0.026380483,-0.029274068,,,0,0,0,0,0,0,0,0,0,0,0,0,0,0,0,0,0,0,0,0,0,0,0,0,0,0,0,0,0,0,0,0,0,1,0,0,0,0,0,0,0
0.003804543,0.017294245,0.010473921,-0.000104096,0.017317833,0.013478067,0.009419473,-0.009236229,-0.016097508,-0.021604366,0.027309333,0.010851606,0.002469384,,,0,0,0,0,0,0,0,0,0,0,0,0,0,0,0,0,0,0,0,0,0,0,0,0,1,0,0,0,0,0,0,0,0,0,0,0,0,0,0,0,0
-0.004426871,0.002804659,0.000136737,-0.010618377,0.011285313,0.007338203,-0.003070678,0.002757515,0.002130593,-0.000844217,0.018800373,0.014442993,0.00239527,,,0,0,0,0,0,0,0,0,0,0,0,0,0,0,0,0,1,0,0,0,0,0,0,0,0,0,0,0,0,0,0,0,0,0,0,0,0,0,0,0,0
-0.01185189,0.011723947,-0.003063604,-0.013372994,0.002009556,-0.001162383,-0.005999724,-0.004240108,-0.010084221,-0.014330599,0.009039902,0.002302797,-0.002629684,,,0,0,0,0,0,0,0,0,1,0,0,0,0,0,0,0,0,0,0,0,0,0,0,0,0,0,0,0,0,0,0,0,0,0,0,0,0,0,0,0,0
0.002973498,-0.002119585,-0.008014362,-0.011234386,0.004257642,-0.002916541,-0.004544424,0.00567444,-0.004136113,-0.012428655,0.006712037,0.001897976,-0.004309488,,,0,0,0,0,0,0,0,0,0,0,0,0,0,0,0,0,0,0,0,0,0,0,0,1,0,0,0,0,0,0,0,0,0,0,0,0,0,0,0,0,0
0.01091611,0.01216374,0.004004707,-0.001221198,0.004033261,-0.004348173,-0.008567677,0.021222339,0.010312595,0.002696364,0.017284368,0.012770166,0.006929631,,,0,0,0,0,0,0,0,0,0,0,0,0,0,0,0,0,0,0,0,0,0,0,0,0,0,0,0,0,0,0,0,1,0,0,0,0,0,0,0,0,0
-0.010129844,0.010710363,0.002327133,-0.006958698,0.005562104,-0.002081393,-0.009110711,0.009576324,0.002250844,-0.005336505,-0.00981265,-0.015303365,-0.017958501,,,0,0,0,0,0,0,0,0,0,0,1,0,0,0,0,0,0,0,0,0,0,0,0,0,0,0,0,0,0,0,0,0,0,0,0,0,0,0,0,0,0
-0.003709383,0.009579505,0.00022019,-0.004490569,0.00323626,-0.000484173,-0.001668161,0.029511127,0.025270981,0.019071606,-0.000321632,-0.00595428,-0.006210619,,,0,0,0,0,0,0,0,0,0,0,0,0,0,0,0,0,1,0,0,0,0,0,0,0,0,0,0,0,0,0,0,0,0,0,0,0,0,0,0,0,0
0.002802335,0.003699248,0.001135897,3.63791E-05,0.009084911,0.006734124,0.003904708,-0.00548183,-0.013158304,-0.015546179,0.008181441,0.00043044,-0.006135944,,,0,0,0,0,0,0,0,0,0,0,0,0,0,0,0,0,0,0,0,0,0,0,0,1,0,0,0,0,0,0,0,0,0,0,0,0,0,0,0,0,0
-0.004111492,0.01272074,0.002241768,-0.00511488,0.000136364,-0.003311399,-0.00643143,0.006088787,-0.007505406,-0.011676555,0.025442279,0.020394689,0.015836791,,,0,0,0,0,0,0,0,0,0,0,0,0,0,0,0,0,1,0,0,0,0,0,0,0,0,0,0,0,0,0,0,0,0,0,0,0,0,0,0,0,0
0.002286844,0.013062418,0.006757655,0.003627877,0.004221378,-0.000525444,-0.00173477,0.013599622,0.001957912,-0.009618619,0.000232399,-0.008702977,-0.013594207,,,0,0,0,0,0,0,0,0,0,0,0,0,0,0,0,0,0,0,0,0,0,0,1,0,0,0,0,0,0,0,0,0,0,0,0,0,0,0,0,0,0
0.002391584,-0.0011556,-0.006544475,-0.016881448,0.007394891,0.00092368,-0.007729225,-0.001649779,-0.011556107,-0.021461801,0.012142957,0.003452027,-0.004444657,,,0,0,0,0,0,0,0,0,0,0,0,0,0,0,0,0,0,0,0,0,0,0,1,0,0,0,0,0,0,0,0,0,0,0,0,0,0,0,0,0,0
0.005114019,0.003120096,-0.000589622,-0.006305286,0.006602356,-0.002025469,-0.00742223,0.005165046,-0.00394231,-0.026315495,0.011747052,0.004744746,-0.000115257,,,0,0,0,0,0,0,0,0,0,0,0,0,0,0,0,0,0,0,0,0,0,0,0,0,0,1,0,0,0,0,0,0,0,0,0,0,0,0,0,0,0
-0.001445453,0.005077079,0.000968343,-0.003808415,0.004529784,-0.003397438,-0.018040681,0.011124892,-0.000971071,-0.006156427,0.012925343,0.003716871,-0.013585156,,,0,0,0,0,0,0,0,0,0,0,0,0,0,0,0,0,0,0,0,1,0,0,0,0,0,0,0,0,0,0,0,0,0,0,0,0,0,0,0,0,0
0.009240387,0.014416469,0.012359248,0.005891268,0.00866637,0.003585869,-0.006990453,0.010918788,-0.000294098,-0.006378218,0.008113213,-0.004005009,-0.012108587,,,0,0,0,0,0,0,0,0,0,0,0,0,0,0,0,0,0,0,0,0,0,0,0,0,0,0,0,0,0,1,0,0,0,0,0,0,0,0,0,0,0
-0.011321345,0.001783417,-0.004556275,-0.012374571,0.00688742,0.004299302,-0.0029007,-7.88762E-05,-0.008534755,-0.021823432,0.00688643,0.001553844,-0.001768043,,,0,0,0,0,0,0,0,0,0,1,0,0,0,0,0,0,0,0,0,0,0,0,0,0,0,0,0,0,0,0,0,0,0,0,0,0,0,0,0,0,0
-0.000742736,0.000334697,-0.001929352,-0.005968349,0.005197356,-0.002658047,-0.011749036,0.005867552,-0.004226435,-0.00993369,0.00447014,-0.002550052,-0.00829184,,,0,0,0,0,0,0,0,0,0,0,0,0,0,0,0,0,0,0,0,1,0,0,0,0,0,0,0,0,0,0,0,0,0,0,0,0,0,0,0,0,0
0.00517451,0.013753291,0.008873147,0.004384144,-0.003925631,-0.008787324,-0.01474986,0.007811826,-0.004560217,-0.012189683,0.00324893,-0.006052132,-0.01346424,,,0,0,0,0,0,0,0,0,0,0,0,0,0,0,0,0,0,0,0,0,0,0,0,0,0,1,0,0,0,0,0,0,0,0,0,0,0,0,0,0,0
0.001664682,0.007382588,0.000115061,-0.004694586,0.011623105,0.001764424,-0.007858563,0.01221535,0.003165915,-0.004647306,0.002226291,-0.007627485,-0.012662099,,,0,0,0,0,0,0,0,0,0,0,0,0,0,0,0,0,0,0,0,0,0,0,1,0,0,0,0,0,0,0,0,0,0,0,0,0,0,0,0,0,0
-0.004552833,0.000553746,-0.004209467,-0.008424789,0.003593649,-0.007683922,-0.027966377,0.024775713,0.012427699,0.001505579,-0.022042841,-0.02585849,-0.031758416,,,0,0,0,0,0,0,0,0,0,0,0,0,0,0,0,1,0,0,0,0,0,0,0,0,0,0,0,0,0,0,0,0,0,0,0,0,0,0,0,0,0
0.005228976,0.001937147,-0.00248403,-0.003234413,0.003502924,-0.002883689,-0.00935454,0.013245897,0.003197764,0.000179206,-0.001118659,-0.024362584,-0.030946909,,,0,0,0,0,0,0,0,0,0,0,0,0,0,0,0,0,0,0,0,0,0,0,0,0,0,1,0,0,0,0,0,0,0,0,0,0,0,0,0,0,0
0.004486183,0.012406848,0.00547047,-0.00143553,0.000107157,-0.005362072,-0.009954139,-5.01757E-05,-0.007169765,-0.016197684,0.013796091,0.00989898,0.002958439,,,0,0,0,0,0,0,0,0,0,0,0,0,0,0,0,0,0,0,0,0,0,0,0,0,1,0,0,0,0,0,0,0,0,0,0,0,0,0,0,0,0
0.002715808,0.005341387,-0.00150741,-0.006045271,-0.001860751,-0.00742039,-0.012917492,0.00147704,-0.006168623,-0.019076604,0.015193466,0.015488892,0.005764551,,,0,0,0,0,0,0,0,0,0,0,0,0,0,0,0,0,0,0,0,0,0,0,0,1,0,0,0,0,0,0,0,0,0,0,0,0,0,0,0,0,0
-0.00202748,-0.002174956,-0.010268924,-0.021714984,-0.000622234,-0.005360072,-0.009206248,0.003087858,-0.004564438,-0.012848687,0.031006595,0.02375429,0.016322422,,,0,0,0,0,0,0,0,0,0,0,0,0,0,0,0,0,0,0,1,0,0,0,0,0,0,0,0,0,0,0,0,0,0,0,0,0,0,0,0,0,0
0.006628964,0.010576128,-0.003673653,-0.00965845,0.017219616,0.004614399,-0.002960301,2.87163E-05,-0.006947935,-0.015110996,0.001438333,-0.004230542,-0.011299092,,,0,0,0,0,0,0,0,0,0,0,0,0,0,0,0,0,0,0,0,0,0,0,0,0,0,0,0,1,0,0,0,0,0,0,0,0,0,0,0,0,0
0.00356104,0.010622559,0.005023247,0.000818898,0.010681342,0.00356472,-0.00084581,0.006274963,-0.001799183,-0.011228855,0.028905148,0.019638585,0.011215791,,,0,0,0,0,0,0,0,0,0,0,0,0,0,0,0,0,0,0,0,0,0,0,0,0,1,0,0,0,0,0,0,0,0,0,0,0,0,0,0,0,0
-0.00393504,0.00749614,0.002926391,-0.006287151,0.016778746,0.011014885,0.008044668,0.008078664,0.003450385,-0.001328191,0.013579051,0.004145553,-0.001198111,,,0,0,0,0,0,0,0,0,0,0,0,0,0,0,0,0,1,0,0,0,0,0,0,0,0,0,0,0,0,0,0,0,0,0,0,0,0,0,0,0,0
-0.008787606,0.010115852,-0.001448355,-0.015480367,0.001654663,-0.007086139,-0.012454712,-0.001571854,-0.01091416,-0.018483861,0.015095732,0.003273385,-0.00172498,,,0,0,0,0,0,0,0,0,0,0,0,1,0,0,0,0,0,0,0,0,0,0,0,0,0,0,0,0,0,0,0,0,0,0,0,0,0,0,0,0,0
0.012218909,-0.009081057,-0.013720267,-0.020703897,0.014611968,0.008218403,-0.004362869,0.014427655,0.012026236,0.003693628,0.006185398,-0.005417804,-0.008029071,,,0,0,0,0,0,0,0,0,0,0,0,0,0,0,0,0,0,0,0,0,0,0,0,0,0,0,0,0,0,0,0,0,1,0,0,0,0,0,0,0,0
0.002402411,0.010848998,0.002634273,-0.003056559,0.020183019,0.002471635,-0.010342029,-0.001045667,-0.00760403,-0.022120982,0.006907292,-0.000718528,-0.010821828,,,0,0,0,0,0,0,0,0,0,0,0,0,0,0,0,0,0,0,0,0,0,0,1,0,0,0,0,0,0,0,0,0,0,0,0,0,0,0,0,0,0
-0.002343574,0.012153307,0.010346035,0.002249208,0.009439143,0.001954816,-0.00592842,0.00062453,-0.005133742,-0.009583006,0.005744504,-0.000414859,-0.013354563,,,0,0,0,0,0,0,0,0,0,0,0,0,0,0,0,0,0,0,1,0,0,0,0,0,0,0,0,0,0,0,0,0,0,0,0,0,0,0,0,0,0
-0.014599449,0.001740093,-0.003402275,-0.017051319,0.002851395,-0.008931635,-0.018306763,0.026832256,0.018637454,0.007092358,0.004181195,-0.008135535,-0.019274439,,,0,0,0,0,0,1,0,0,0,0,0,0,0,0,0,0,0,0,0,0,0,0,0,0,0,0,0,0,0,0,0,0,0,0,0,0,0,0,0,0,0
-0.006116969,0.019902728,0.014086933,0.007746321,-0.002775345,-0.014293515,-0.022379534,-0.004189407,-0.012633389,-0.019425495,0.018966407,0.004720051,-0.00192615,,,0,0,0,0,0,0,0,0,0,0,0,0,0,0,1,0,0,0,0,0,0,0,0,0,0,0,0,0,0,0,0,0,0,0,0,0,0,0,0,0,0
-0.001710881,0.004536576,-0.009947782,-0.023708391,-0.005210058,-0.012016467,-0.013176587,0.020590826,0.011237825,0.005393421,0.013954417,0.001557167,-0.003512275,,,0,0,0,0,0,0,0,0,0,0,0,0,0,0,0,0,0,0,1,0,0,0,0,0,0,0,0,0,0,0,0,0,0,0,0,0,0,0,0,0,0
0.00901946,0.02259611,0.007770279,-0.001881723,0.000539899,-0.005961894,-0.015541351,0.018078319,0.012043701,0.004914895,0.006630657,0.00164956,-0.009361524,,,0,0,0,0,0,0,0,0,0,0,0,0,0,0,0,0,0,0,0,0,0,0,0,0,0,0,0,0,0,1,0,0,0,0,0,0,0,0,0,0,0
-0.004845118,-0.005957186,-0.013495967,-0.018879512,0.010746467,-0.00106725,-0.012604147,0.008610613,-0.00069196,-0.0065696,0.015244105,0.00880054,0.003016083,,,0,0,0,0,0,0,0,0,0,0,0,0,0,0,0,1,0,0,0,0,0,0,0,0,0,0,0,0,0,0,0,0,0,0,0,0,0,0,0,0,0
0.012141366,0.013512638,0.00474799,-0.007882166,0.012018408,0.007741551,0.001910434,0.012062535,0.004449498,-0.003912433,0.005777197,-0.0038923,-0.016079179,,,0,0,0,0,0,0,0,0,0,0,0,0,0,0,0,0,0,0,0,0,0,0,0,0,0,0,0,0,0,0,0,0,1,0,0,0,0,0,0,0,0
-0.003288162,0.005784966,-0.000946458,-0.009046318,0.005511427,-0.001599458,-0.012710461,0.000257119,-0.006622011,-0.010686151,0.010475758,-0.002257571,-0.019688164,,,0,0,0,0,0,0,0,0,0,0,0,0,0,0,0,0,0,1,0,0,0,0,0,0,0,0,0,0,0,0,0,0,0,0,0,0,0,0,0,0,0
0.013504038,-0.001237576,-0.010080162,-0.016581534,0.026831683,0.014536895,0.006086428,0.016056088,-0.004563983,-0.006109662,0.010289633,-0.002766311,-0.01524232,,,0,0,0,0,0,0,0,0,0,0,0,0,0,0,0,0,0,0,0,0,0,0,0,0,0,0,0,0,0,0,0,0,0,0,1,0,0,0,0,0,0
-0.006051974,0.009174607,-0.001540768,-0.008693317,0.003485357,0.002893044,-0.000383279,0.000692402,-0.014510885,-0.014584572,0.010149594,-0.002195569,-0.016063096,,,0,0,0,0,0,0,0,0,0,0,0,0,0,0,1,0,0,0,0,0,0,0,0,0,0,0,0,0,0,0,0,0,0,0,0,0,0,0,0,0,0
0.012580477,0.01084557,-0.003509303,-0.014024162,0.019673381,0.013378594,0.00348143,-0.004374089,-0.007062822,-0.010776552,0.00543557,-0.004126987,-0.008605807,,,0,0,0,0,0,0,0,0,0,0,0,0,0,0,0,0,0,0,0,0,0,0,0,0,0,0,0,0,0,0,0,0,0,1,0,0,0,0,0,0,0
-0.001883052,0.016398447,0.012118994,0.008457961,0.017493752,0.011732918,-0.002239276,0.027708439,0.015094816,0.009891646,0.019324597,0.003957918,-0.000635097,,,0,0,0,0,0,0,0,0,0,0,0,0,0,0,0,0,0,0,1,0,0,0,0,0,0,0,0,0,0,0,0,0,0,0,0,0,0,0,0,0,0
-0.017029391,0.005940285,-0.004216278,-0.01367426,0.007462578,0.002125669,-0.005235402,0.007476145,0.003619015,0.002246135,0.010786567,-0.006194499,-0.015629656,,,0,0,0,1,0,0,0,0,0,0,0,0,0,0,0,0,0,0,0,0,0,0,0,0,0,0,0,0,0,0,0,0,0,0,0,0,0,0,0,0,0
0.003974676,0.010238417,0.001217642,-0.013983438,0.008506473,0.002182342,-0.005605383,0.006636869,0.000217013,-0.005951075,0.004256133,-0.002765372,-0.008780054,,,0,0,0,0,0,0,0,0,0,0,0,0,0,0,0,0,0,0,0,0,0,0,0,0,1,0,0,0,0,0,0,0,0,0,0,0,0,0,0,0,0
-0.014210477,0.005200776,0.000821583,-0.001761803,0.005388027,0.003013228,-0.010808987,0.017164874,0.008915776,0.006363583,0.004583637,-0.003794848,-0.013698334,,,0,0,0,0,0,0,1,0,0,0,0,0,0,0,0,0,0,0,0,0,0,0,0,0,0,0,0,0,0,0,0,0,0,0,0,0,0,0,0,0,0
0.001231452,0.009025224,0.001730264,-0.001761901,0.010641772,0.008237016,0.004549512,0.017644687,0.010172868,-0.002305884,0.012557016,0.001563114,-0.002045492,,,0,0,0,0,0,0,0,0,0,0,0,0,0,0,0,0,0,0,0,0,0,1,0,0,0,0,0,0,0,0,0,0,0,0,0,0,0,0,0,0,0
-0.004359436,0.01082487,0.000627364,-0.01053468,0.015569406,0.010407294,0.004055953,-0.004958004,-0.017045676,-0.029163494,0.004308281,-0.003650136,-0.011135725,,,0,0,0,0,0,0,0,0,0,0,0,0,0,0,0,0,1,0,0,0,0,0,0,0,0,0,0,0,0,0,0,0,0,0,0,0,0,0,0,0,0
-0.004509955,0.009512768,-0.001755344,-0.00878238,0.005166218,-0.000252802,-0.007722299,-0.008736162,-0.014096287,-0.023028382,-0.001515718,-0.007556435,-0.012773005,,,0,0,0,0,0,0,0,0,0,0,0,0,0,0,0,1,0,0,0,0,0,0,0,0,0,0,0,0,0,0,0,0,0,0,0,0,0,0,0,0,0
0.006147279,0.004816752,-0.000899557,-0.006281395,0.009700944,-0.002133116,-0.012206129,0.018088371,0.006711747,-0.001040609,0.006243746,0.001557698,0.000839727,,,0,0,0,0,0,0,0,0,0,0,0,0,0,0,0,0,0,0,0,0,0,0,0,0,0,0,1,0,0,0,0,0,0,0,0,0,0,0,0,0,0
-0.002923478,0.001835722,-0.00252213,-0.007934281,0.008380028,0.004329687,0.000148038,0.021544301,0.018808458,0.013804953,0.00135326,-0.003560015,-0.014131703,,,0,0,0,0,0,0,0,0,0,0,0,0,0,0,0,0,0,1,0,0,0,0,0,0,0,0,0,0,0,0,0,0,0,0,0,0,0,0,0,0,0
-0.001440871,0.021585706,0.010279094,0.004009067,0.001225164,-0.00482267,-0.008652584,0.010979806,-0.001420167,-0.010521821,0.013224408,0.007332272,-0.001303201,,,0,0,0,0,0,0,0,0,0,0,0,0,0,0,0,0,0,0,0,1,0,0,0,0,0,0,0,0,0,0,0,0,0,0,0,0,0,0,0,0,0
-0.000730009,0.011388695,-0.000390078,-0.02185361,0.00149192,-0.009507903,-0.016412278,0.015592328,0.007927092,0.004503782,0.00803285,0.000797735,-0.007082291,,,0,0,0,0,0,0,0,0,0,0,0,0,0,0,0,0,0,0,0,1,0,0,0,0,0,0,0,0,0,0,0,0,0,0,0,0,0,0,0,0,0
0.002791895,0.014681683,0.002717131,-0.014410214,-0.001080065,-0.013363824,-0.011680297,0.010474243,0.008423396,0.003591834,-0.003608951,-0.007211524,-0.015015931,,,0,0,0,0,0,0,0,0,0,0,0,0,0,0,0,0,0,0,0,0,0,0,0,1,0,0,0,0,0,0,0,0,0,0,0,0,0,0,0,0,0
-0.000267456,0.00722368,0.002705366,-0.006179257,-0.004926056,-0.011770394,-0.021391601,0.008688676,0.002733553,-0.003859046,0.003247445,-0.001873515,-0.007668794,,,0,0,0,0,0,0,0,0,0,0,0,0,0,0,0,0,0,0,0,0,1,0,0,0,0,0,0,0,0,0,0,0,0,0,0,0,0,0,0,0,0
0.006148887,0.012755935,0.003376527,-0.002791358,0.000485368,-0.000602663,-0.005174392,0.006930847,-0.006182674,-0.01217361,0.010129412,0.007116229,0.000215741,,,0,0,0,0,0,0,0,0,0,0,0,0,0,0,0,0,0,0,0,0,0,0,0,0,0,0,1,0,0,0,0,0,0,0,0,0,0,0,0,0,0
-0.001026531,0.014858242,0.010879558,0.006769688,-0.001626729,-0.008677189,-0.011818088,0.008838245,0.00410512,-0.005554542,-0.006297572,-0.011300331,-0.016340977,,,0,0,0,0,0,0,0,0,0,0,0,0,0,0,0,0,0,0,0,1,0,0,0,0,0,0,0,0,0,0,0,0,0,0,0,0,0,0,0,0,0
-0.000278428,0.001032887,-0.001444324,-0.007733464,0.009830746,-0.002068066,-0.014152238,0.00547241,0.005272369,-0.00040852,0.018869227,0.014353176,0.007563273,,,0,0,0,0,0,0,0,0,0,0,0,0,0,0,0,0,0,0,0,0,1,0,0,0,0,0,0,0,0,0,0,0,0,0,0,0,0,0,0,0,0
0.001632536,0.013640686,0.002469513,-0.007064874,0.012688373,-0.004018036,-0.021777398,0.01237124,-0.00013466,-0.013640146,-0.006292817,-0.012160888,-0.025337593,,,0,0,0,0,0,0,0,0,0,0,0,0,0,0,0,0,0,0,0,0,0,0,1,0,0,0,0,0,0,0,0,0,0,0,0,0,0,0,0,0,0
0.004104616,0.011644533,0.005538011,0.000698477,-0.001924599,-0.009745646,-0.017075172,0.009122108,0.004131758,-0.004922892,0.002142068,-0.005423269,-0.012862229,,,0,0,0,0,0,0,0,0,0,0,0,0,0,0,0,0,0,0,0,0,0,0,0,0,1,0,0,0,0,0,0,0,0,0,0,0,0,0,0,0,0
0.009647,-0.000553497,-0.011544245,-0.0151234,0.005130112,-0.001483556,-0.010830554,-0.015948901,-0.026461121,-0.049126287,0.015379482,0.007880605,-0.007568974,,,0,0,0,0,0,0,0,0,0,0,0,0,0,0,0,0,0,0,0,0,0,0,0,0,0,0,0,0,0,0,1,0,0,0,0,0,0,0,0,0,0
6.87626E-06,0.014001958,0.003219525,-0.010488486,-0.007261257,-0.014582749,-0.024622257,-0.000341853,-0.007407143,-0.013509994,-0.011731558,-0.016992551,-0.0284293,,,0,0,0,0,0,0,0,0,0,0,0,0,0,0,0,0,0,0,0,0,1,0,0,0,0,0,0,0,0,0,0,0,0,0,0,0,0,0,0,0,0
0.010670576,0.024335206,0.002594994,-0.011989392,-0.002465532,-0.015362865,-0.02729764,0.026453804,0.018849365,0.007947322,0.010694013,-0.00039164,-0.005921434,,,0,0,0,0,0,0,0,0,0,0,0,0,0,0,0,0,0,0,0,0,0,0,0,0,0,0,0,0,0,0,0,1,0,0,0,0,0,0,0,0,0
-0.004217691,0.010149771,0.010979579,0.001082307,0.002805987,-0.011116724,-0.018889261,0.023453195,0.01654636,0.011831206,-0.010517992,-0.015243483,-0.018909242,,,0,0,0,0,0,0,0,0,0,0,0,0,0,0,0,0,1,0,0,0,0,0,0,0,0,0,0,0,0,0,0,0,0,0,0,0,0,0,0,0,0
-0.003386396,0.016125645,0.007218475,-0.004753577,0.003370897,-0.013263034,-0.040712574,0.019623655,0.013678263,0.008850454,0.013415706,0.003496115,-0.005837406,,,0,0,0,0,0,0,0,0,0,0,0,0,0,0,0,0,0,1,0,0,0,0,0,0,0,0,0,0,0,0,0,0,0,0,0,0,0,0,0,0,0
0.010289296,-0.001198067,-0.008393067,-0.017763558,0.01790392,0.003985959,-0.008974888,-0.00475533,-0.008685888,-0.016601086,0.014453872,0.007158613,0.004109983,,,0,0,0,0,0,0,0,0,0,0,0,0,0,0,0,0,0,0,0,0,0,0,0,0,0,0,0,0,0,0,1,0,0,0,0,0,0,0,0,0,0
-0.004126268,0.011944796,-0.001519555,-0.005857894,0.001173232,-0.004255841,-0.0140236,0.028088778,0.020136642,0.013808922,0.019749128,-0.001683764,-0.015526461,,,0,0,0,0,0,0,0,0,0,0,0,0,0,0,0,0,1,0,0,0,0,0,0,0,0,0,0,0,0,0,0,0,0,0,0,0,0,0,0,0,0
0.014400852,0.01540901,-0.001916193,-0.018804421,0.006234028,-0.000949855,-0.014791884,-0.009492176,-0.014648487,-0.020217479,0.023272931,0.019050494,0.009810069,,,0,0,0,0,0,0,0,0,0,0,0,0,0,0,0,0,0,0,0,0,0,0,0,0,0,0,0,0,0,0,0,0,0,0,1,0,0,0,0,0,0
0.012938216,0.001633747,-0.009712863,-0.02182858,0.03190662,0.022701271,0.018519095,0.016272739,0.003240853,-0.012972707,0.016432654,0.01421388,0.000784093,,,0,0,0,0,0,0,0,0,0,0,0,0,0,0,0,0,0,0,0,0,0,0,0,0,0,0,0,0,0,0,0,0,0,1,0,0,0,0,0,0,0
-0.013016854,0.007207134,-0.006765605,-0.018894152,0.007609667,0.003849345,-0.004193669,-0.001486173,-0.011328172,-0.024083482,0.03833911,0.023986347,0.021306222,,,0,0,0,0,0,0,0,1,0,0,0,0,0,0,0,0,0,0,0,0,0,0,0,0,0,0,0,0,0,0,0,0,0,0,0,0,0,0,0,0,0

